color,director_name,num_critic_for_reviews,duration,director_facebook_likes,actor_3_facebook_likes,actor_2_name,actor_1_facebook_likes,gross,genres,actor_1_name,movie_title,num_voted_users,cast_total_facebook_likes,actor_3_name,num_user_for_reviews,language,country,budget,title_year,actor_2_facebook_likes,imdb_score,movie_facebook_likes
Color,James Cameron,723,178,0,855,Joel David Moore,1000,760505847,Action|Adventure|Fantasy|Sci-Fi,CCH Pounder,Avatar,886204,4834,Wes Studi,3054,English,USA,237000000,2009,936,7.9,33000
Color,Gore Verbinski,302,169,563,1000,Orlando Bloom,40000,309404152,Action|Adventure|Fantasy,Johnny Depp,Pirates of the Caribbean: At World's End,471220,48350,Jack Davenport,1238,English,USA,300000000,2007,5000,7.1,0
Color,Sam Mendes,602,148,0,161,Rory Kinnear,11000,200074175,Action|Adventure|Thriller,Christoph Waltz,Spectre,275868,11700,Stephanie Sigman,994,English,UK,245000000,2015,393,6.8,85000
Color,Christopher Nolan,813,164,22000,23000,Christian Bale,27000,448130642,Action|Thriller,Tom Hardy,The Dark Knight Rises,1144337,106759,Joseph Gordon-Levitt,2701,English,USA,250000000,2012,23000,8.5,164000
,Doug Walker,,,131,,Rob Walker,131,,Documentary,Doug Walker,Star Wars: Episode VII - The Force Awakens,8,143,,,,,,,12,7.1,0
Color,Andrew Stanton,462,132,475,530,Samantha Morton,640,73058679,Action|Adventure|Sci-Fi,Daryl Sabara,John Carter,212204,1873,Polly Walker,738,English,USA,263700000,2012,632,6.6,24000
Color,Sam Raimi,392,156,0,4000,James Franco,24000,336530303,Action|Adventure|Romance,J.K. Simmons,Spider-Man 3,383056,46055,Kirsten Dunst,1902,English,USA,258000000,2007,11000,6.2,0
Color,Nathan Greno,324,100,15,284,Donna Murphy,799,200807262,Adventure|Animation|Comedy|Family|Fantasy|Musical|Romance,Brad Garrett,Tangled,294810,2036,M.C. Gainey,387,English,USA,260000000,2010,553,7.8,29000
Color,Joss Whedon,635,141,0,19000,Robert Downey Jr.,26000,458991599,Action|Adventure|Sci-Fi,Chris Hemsworth,Avengers: Age of Ultron,462669,92000,Scarlett Johansson,1117,English,USA,250000000,2015,21000,7.5,118000
Color,David Yates,375,153,282,10000,Daniel Radcliffe,25000,301956980,Adventure|Family|Fantasy|Mystery,Alan Rickman,Harry Potter and the Half-Blood Prince,321795,58753,Rupert Grint,973,English,UK,250000000,2009,11000,7.5,10000
Color,Zack Snyder,673,183,0,2000,Lauren Cohan,15000,330249062,Action|Adventure|Sci-Fi,Henry Cavill,Batman v Superman: Dawn of Justice,371639,24450,Alan D. Purwin,3018,English,USA,250000000,2016,4000,6.9,197000
Color,Bryan Singer,434,169,0,903,Marlon Brando,18000,200069408,Action|Adventure|Sci-Fi,Kevin Spacey,Superman Returns,240396,29991,Frank Langella,2367,English,USA,209000000,2006,10000,6.1,0
Color,Marc Forster,403,106,395,393,Mathieu Amalric,451,168368427,Action|Adventure,Giancarlo Giannini,Quantum of Solace,330784,2023,Rory Kinnear,1243,English,UK,200000000,2008,412,6.7,0
Color,Gore Verbinski,313,151,563,1000,Orlando Bloom,40000,423032628,Action|Adventure|Fantasy,Johnny Depp,Pirates of the Caribbean: Dead Man's Chest,522040,48486,Jack Davenport,1832,English,USA,225000000,2006,5000,7.3,5000
Color,Gore Verbinski,450,150,563,1000,Ruth Wilson,40000,89289910,Action|Adventure|Western,Johnny Depp,The Lone Ranger,181792,45757,Tom Wilkinson,711,English,USA,215000000,2013,2000,6.5,48000
Color,Zack Snyder,733,143,0,748,Christopher Meloni,15000,291021565,Action|Adventure|Fantasy|Sci-Fi,Henry Cavill,Man of Steel,548573,20495,Harry Lennix,2536,English,USA,225000000,2013,3000,7.2,118000
Color,Andrew Adamson,258,150,80,201,Pierfrancesco Favino,22000,141614023,Action|Adventure|Family|Fantasy,Peter Dinklage,The Chronicles of Narnia: Prince Caspian,149922,22697,Damián Alcázar,438,English,USA,225000000,2008,216,6.6,0
Color,Joss Whedon,703,173,0,19000,Robert Downey Jr.,26000,623279547,Action|Adventure|Sci-Fi,Chris Hemsworth,The Avengers,995415,87697,Scarlett Johansson,1722,English,USA,220000000,2012,21000,8.1,123000
Color,Rob Marshall,448,136,252,1000,Sam Claflin,40000,241063875,Action|Adventure|Fantasy,Johnny Depp,Pirates of the Caribbean: On Stranger Tides,370704,54083,Stephen Graham,484,English,USA,250000000,2011,11000,6.7,58000
Color,Barry Sonnenfeld,451,106,188,718,Michael Stuhlbarg,10000,179020854,Action|Adventure|Comedy|Family|Fantasy|Sci-Fi,Will Smith,Men in Black 3,268154,12572,Nicole Scherzinger,341,English,USA,225000000,2012,816,6.8,40000
Color,Peter Jackson,422,164,0,773,Adam Brown,5000,255108370,Adventure|Fantasy,Aidan Turner,The Hobbit: The Battle of the Five Armies,354228,9152,James Nesbitt,802,English,New Zealand,250000000,2014,972,7.5,65000
Color,Marc Webb,599,153,464,963,Andrew Garfield,15000,262030663,Action|Adventure|Fantasy,Emma Stone,The Amazing Spider-Man,451803,28489,Chris Zylka,1225,English,USA,230000000,2012,10000,7,56000
Color,Ridley Scott,343,156,0,738,William Hurt,891,105219735,Action|Adventure|Drama|History,Mark Addy,Robin Hood,211765,3244,Scott Grimes,546,English,USA,200000000,2010,882,6.7,17000
Color,Peter Jackson,509,186,0,773,Adam Brown,5000,258355354,Adventure|Fantasy,Aidan Turner,The Hobbit: The Desolation of Smaug,483540,9152,James Nesbitt,951,English,USA,225000000,2013,972,7.9,83000
Color,Chris Weitz,251,113,129,1000,Eva Green,16000,70083519,Adventure|Family|Fantasy,Christopher Lee,The Golden Compass,149019,24106,Kristin Scott Thomas,666,English,USA,180000000,2007,6000,6.1,0
Color,Peter Jackson,446,201,0,84,Thomas Kretschmann,6000,218051260,Action|Adventure|Drama|Romance,Naomi Watts,King Kong,316018,7123,Evan Parke,2618,English,New Zealand,207000000,2005,919,7.2,0
Color,James Cameron,315,194,0,794,Kate Winslet,29000,658672302,Drama|Romance,Leonardo DiCaprio,Titanic,793059,45223,Gloria Stuart,2528,English,USA,200000000,1997,14000,7.7,26000
Color,Anthony Russo,516,147,94,11000,Scarlett Johansson,21000,407197282,Action|Adventure|Sci-Fi,Robert Downey Jr.,Captain America: Civil War,272670,64798,Chris Evans,1022,English,USA,250000000,2016,19000,8.2,72000
Color,Peter Berg,377,131,532,627,Alexander Skarsgård,14000,65173160,Action|Adventure|Sci-Fi|Thriller,Liam Neeson,Battleship,202382,26679,Tadanobu Asano,751,English,USA,209000000,2012,10000,5.9,44000
Color,Colin Trevorrow,644,124,365,1000,Judy Greer,3000,652177271,Action|Adventure|Sci-Fi|Thriller,Bryce Dallas Howard,Jurassic World,418214,8458,Omar Sy,1290,English,USA,150000000,2015,2000,7,150000
Color,Sam Mendes,750,143,0,393,Helen McCrory,883,304360277,Action|Adventure|Thriller,Albert Finney,Skyfall,522030,2039,Rory Kinnear,1498,English,UK,200000000,2012,563,7.8,80000
Color,Sam Raimi,300,135,0,4000,James Franco,24000,373377893,Action|Adventure|Fantasy|Romance,J.K. Simmons,Spider-Man 2,411164,43388,Kirsten Dunst,1303,English,USA,200000000,2004,11000,7.3,0
Color,Shane Black,608,195,1000,3000,Jon Favreau,21000,408992272,Action|Adventure|Sci-Fi,Robert Downey Jr.,Iron Man 3,557489,30426,Don Cheadle,1187,English,USA,200000000,2013,4000,7.2,95000
Color,Tim Burton,451,108,13000,11000,Alan Rickman,40000,334185206,Adventure|Family|Fantasy,Johnny Depp,Alice in Wonderland,306320,79957,Anne Hathaway,736,English,USA,200000000,2010,25000,6.5,24000
Color,Brett Ratner,334,104,420,560,Kelsey Grammer,20000,234360014,Action|Adventure|Fantasy|Sci-Fi|Thriller,Hugh Jackman,X-Men: The Last Stand,383427,21714,Daniel Cudmore,1912,English,Canada,210000000,2006,808,6.8,0
Color,Dan Scanlon,376,104,37,760,Tyler Labine,12000,268488329,Adventure|Animation|Comedy|Family|Fantasy,Steve Buscemi,Monsters University,235025,14863,Sean Hayes,265,English,USA,200000000,2013,779,7.3,44000
Color,Michael Bay,366,150,0,464,Kevin Dunn,894,402076689,Action|Adventure|Sci-Fi,Glenn Morshower,Transformers: Revenge of the Fallen,323207,3218,Ramon Rodriguez,1439,English,USA,200000000,2009,581,6,0
Color,Michael Bay,378,165,0,808,Sophia Myles,974,245428137,Action|Adventure|Sci-Fi,Bingbing Li,Transformers: Age of Extinction,242420,3988,Kelsey Grammer,918,English,USA,210000000,2014,956,5.7,56000
Color,Sam Raimi,525,130,0,11000,Mila Kunis,44000,234903076,Adventure|Family|Fantasy,Tim Holmes,Oz the Great and Powerful,175409,73441,James Franco,511,English,USA,215000000,2013,15000,6.4,60000
Color,Marc Webb,495,142,464,825,Andrew Garfield,15000,202853933,Action|Adventure|Fantasy|Sci-Fi,Emma Stone,The Amazing Spider-Man 2,321227,28631,B.J. Novak,1067,English,USA,200000000,2014,10000,6.7,41000
Color,Joseph Kosinski,469,125,364,1000,Olivia Wilde,12000,172051787,Action|Adventure|Sci-Fi,Jeff Bridges,TRON: Legacy,264183,25550,James Frain,665,English,USA,170000000,2010,10000,6.8,30000
Color,John Lasseter,304,106,487,776,Thomas Kretschmann,1000,191450875,Adventure|Animation|Comedy|Family|Sport,Joe Mantegna,Cars 2,101178,4482,Eddie Izzard,283,English,USA,200000000,2011,919,6.3,10000
Color,Martin Campbell,436,123,258,326,Temuera Morrison,16000,116593191,Action|Adventure|Sci-Fi,Ryan Reynolds,Green Lantern,223393,17657,Taika Waititi,550,English,USA,200000000,2011,368,5.6,24000
Color,Lee Unkrich,453,103,125,721,John Ratzenberger,15000,414984497,Adventure|Animation|Comedy|Family|Fantasy,Tom Hanks,Toy Story 3,544884,19085,Don Rickles,733,English,USA,200000000,2010,1000,8.3,30000
Color,McG,422,118,368,988,Bryce Dallas Howard,23000,125320003,Action|Adventure|Sci-Fi,Christian Bale,Terminator Salvation,286095,27468,Common,974,English,USA,200000000,2009,3000,6.6,0
Color,James Wan,424,140,0,14000,Paul Walker,26000,350034110,Action|Crime|Thriller,Jason Statham,Furious 7,278232,79150,Vin Diesel,657,English,USA,190000000,2015,23000,7.2,94000
Color,Marc Forster,654,123,395,1000,Brad Pitt,17000,202351611,Action|Adventure|Horror|Sci-Fi|Thriller,Peter Capaldi,World War Z,465019,32392,Mireille Enos,995,English,USA,190000000,2013,11000,7,129000
Color,Bryan Singer,539,149,0,20000,Peter Dinklage,34000,233914986,Action|Adventure|Fantasy|Sci-Fi|Thriller,Jennifer Lawrence,X-Men: Days of Future Past,514125,91434,Hugh Jackman,752,English,USA,200000000,2014,22000,8,82000
Color,J.J. Abrams,590,132,14000,928,Bruce Greenwood,19000,228756232,Action|Adventure|Sci-Fi,Benedict Cumberbatch,Star Trek Into Darkness,395573,21411,Noel Clarke,1171,English,USA,190000000,2013,981,7.8,92000
Color,Bryan Singer,338,114,0,140,Ewen Bremner,979,65171860,Adventure|Fantasy,Eddie Marsan,Jack the Giant Slayer,106416,1766,Ralph Brown,205,English,USA,195000000,2013,557,6.3,22000
Color,Baz Luhrmann,490,143,1000,77,Elizabeth Debicki,29000,144812796,Drama|Romance,Leonardo DiCaprio,The Great Gatsby,362912,29770,Steve Bisley,753,English,Australia,105000000,2013,509,7.3,115000
Color,Mike Newell,306,116,179,236,Richard Coyle,15000,90755643,Action|Adventure|Fantasy|Romance,Jake Gyllenhaal,Prince of Persia: The Sands of Time,222403,16149,Reece Ritchie,453,English,USA,200000000,2010,567,6.6,23000
Color,Guillermo del Toro,575,131,0,919,Clifton Collins Jr.,16000,101785482,Action|Adventure|Sci-Fi,Charlie Hunnam,Pacific Rim,381148,19166,Larry Joe Campbell,1106,English,USA,190000000,2013,968,7,83000
Color,Michael Bay,428,154,0,581,Lester Speight,894,352358779,Action|Adventure|Sci-Fi,Glenn Morshower,Transformers: Dark of the Moon,326180,2593,Kevin Dunn,899,English,USA,195000000,2011,829,6.3,46000
Color,Steven Spielberg,470,122,14000,1000,Ray Winstone,11000,317011114,Action|Adventure|Fantasy,Harrison Ford,Indiana Jones and the Kingdom of the Crystal Skull,333847,14959,Jim Broadbent,2054,English,USA,185000000,2008,1000,6.2,5000
Color,Peter Sohn,298,93,113,113,Jack McGraw,275,123070338,Adventure|Animation|Comedy|Family|Fantasy,A.J. Buckley,The Good Dinosaur,62836,696,Peter Sohn,345,English,USA,,2015,150,6.8,20000
Color,Mark Andrews,488,93,56,838,John Ratzenberger,2000,237282182,Adventure|Animation|Comedy|Family|Fantasy,Kelly Macdonald,Brave,273556,5005,Julie Walters,428,English,USA,185000000,2012,1000,7.2,39000
Color,Justin Lin,322,122,681,105,Melissa Roxburgh,998,130468626,Action|Adventure|Sci-Fi|Thriller,Sofia Boutella,Star Trek Beyond,53607,1327,Lydia Wilson,432,English,USA,185000000,2016,119,7.5,30000
Color,Andrew Stanton,421,98,475,522,Fred Willard,1000,223806889,Adventure|Animation|Family|Sci-Fi,John Ratzenberger,WALL·E,718837,2975,Jeff Garlin,1043,English,USA,180000000,2008,729,8.4,16000
Color,Brett Ratner,162,91,420,173,Dana Ivey,268,140080850,Action|Comedy|Crime|Thriller,Tzi Ma,Rush Hour 3,121084,1125,Noémie Lenoir,221,English,USA,140000000,2007,268,6.2,0
Color,Roland Emmerich,367,158,776,310,Liam James,1000,166112167,Action|Adventure|Sci-Fi,Oliver Platt,2012,283418,2144,Tom McCarthy,1055,English,USA,200000000,2009,468,5.8,13000
Color,Robert Zemeckis,240,96,0,10000,Colin Firth,18000,137850096,Animation|Drama|Family|Fantasy,Robin Wright,A Christmas Carol,72809,48878,Gary Oldman,249,English,USA,200000000,2009,14000,6.8,0
Color,Lana Wachowski,384,127,0,13000,Mila Kunis,17000,47375327,Action|Adventure|Sci-Fi,Channing Tatum,Jupiter Ascending,139593,47334,Eddie Redmayne,720,English,USA,176000000,2015,15000,5.4,44000
Color,David Yates,248,110,282,103,Alexander Skarsgård,11000,124051759,Action|Adventure|Drama|Romance,Christoph Waltz,The Legend of Tarzan,42372,21175,Casper Crump,239,English,USA,180000000,2016,10000,6.6,29000
Color,Andrew Adamson,284,150,80,82,Kiran Shah,1000,291709845,Adventure|Family|Fantasy,Jim Broadbent,"The Chronicles of Narnia: The Lion, the Witch and the Wardrobe",286506,1317,Shane Rangi,1463,English,USA,180000000,2005,190,6.9,0
Color,Bryan Singer,396,144,0,1000,Michael Fassbender,34000,154985087,Action|Adventure|Sci-Fi,Jennifer Lawrence,X-Men: Apocalypse,148379,49684,Tye Sheridan,622,English,USA,178000000,2016,13000,7.3,54000
Color,Christopher Nolan,645,152,22000,11000,Heath Ledger,23000,533316061,Action|Crime|Drama|Thriller,Christian Bale,The Dark Knight,1676169,57802,Morgan Freeman,4667,English,USA,185000000,2008,13000,9,37000
Color,Pete Docter,408,96,0,262,Delroy Lindo,1000,292979556,Adventure|Animation|Comedy|Family,John Ratzenberger,Up,665575,2635,Jess Harnell,704,English,USA,175000000,2009,848,8.3,27000
Color,Rob Letterman,219,94,11,459,Rainn Wilson,1000,198332128,Action|Adventure|Animation|Comedy|Family|Sci-Fi,Amy Poehler,Monsters vs. Aliens,114553,2579,Stephen Colbert,187,English,USA,175000000,2009,973,6.5,0
Color,Jon Favreau,486,126,4000,4000,Jeff Bridges,21000,318298180,Action|Adventure|Sci-Fi,Robert Downey Jr.,Iron Man,696338,39252,Jon Favreau,1055,English,USA,140000000,2008,12000,7.9,10000
Color,Martin Scorsese,682,126,17000,1000,Christopher Lee,17000,73820094,Adventure|Drama|Family|Mystery,Chloë Grace Moretz,Hugo,245333,36017,Ray Winstone,678,English,USA,170000000,2011,16000,7.5,42000
Color,Barry Sonnenfeld,85,106,188,582,Salma Hayek,10000,113745408,Action|Comedy|Sci-Fi|Western,Will Smith,Wild Wild West,129601,15870,Bai Ling,648,English,USA,170000000,1999,4000,4.8,0
Color,Rob Cohen,264,112,357,595,Brendan Fraser,5000,102176165,Action|Adventure|Fantasy|Horror|Thriller,Jet Li,The Mummy: Tomb of the Dragon Emperor,117927,9131,Russell Wong,501,English,USA,145000000,2008,3000,5.2,0
Color,David Ayer,418,123,452,329,Robin Atkin Downes,10000,161087183,Action|Adventure|Comedy|Sci-Fi,Will Smith,Suicide Squad,118992,11287,Ike Barinholtz,971,English,USA,175000000,2016,336,6.9,80000
Color,Tom Shadyac,186,96,293,7000,Morgan Freeman,87000,100289690,Comedy|Family|Fantasy,Jimmy Bennett,Evan Almighty,115099,108016,Steve Carell,257,English,USA,175000000,2007,11000,5.4,2000
Color,Doug Liman,585,113,218,509,Lara Pulver,10000,100189501,Action|Adventure|Sci-Fi,Tom Cruise,Edge of Tomorrow,431620,12652,Noah Taylor,741,English,USA,178000000,2014,854,7.9,77000
Color,Kevin Reynolds,91,176,58,60,Rick Aviles,711,88246220,Action|Adventure|Sci-Fi|Thriller,Jeanne Tripplehorn,Waterworld,144337,1004,Zakes Mokae,309,English,USA,175000000,1995,60,6.1,0
Color,Stephen Sommers,250,118,208,570,Dennis Quaid,23000,150167630,Action|Adventure|Sci-Fi|Thriller,Joseph Gordon-Levitt,G.I. Joe: The Rise of Cobra,174578,26683,Leo Howard,534,English,USA,175000000,2009,2000,5.8,0
Color,Pete Docter,536,95,0,384,Mindy Kaling,1000,356454367,Adventure|Animation|Comedy|Drama|Family|Fantasy,Amy Poehler,Inside Out,345198,2944,Phyllis Smith,773,English,USA,175000000,2015,767,8.3,118000
Color,Jon Favreau,370,106,4000,591,Bill Murray,19000,362645141,Adventure|Drama|Family|Fantasy,Scarlett Johansson,The Jungle Book,106072,32921,Garry Shandling,398,English,UK,175000000,2016,13000,7.8,65000
Color,Jon Favreau,453,124,4000,4000,Scarlett Johansson,21000,312057433,Action|Adventure|Sci-Fi,Robert Downey Jr.,Iron Man 2,522371,48638,Jon Favreau,723,English,USA,200000000,2010,19000,7,18000
Color,Rupert Sanders,416,132,274,11000,Kristen Stewart,26000,155111815,Action|Adventure|Drama|Fantasy,Chris Hemsworth,Snow White and the Huntsman,228554,72881,Sam Claflin,710,English,USA,170000000,2012,17000,6.1,53000
Color,Robert Stromberg,401,97,171,846,Sharlto Copley,11000,241407328,Action|Adventure|Family|Fantasy|Romance,Angelina Jolie Pitt,Maleficent,252257,15516,Sam Riley,634,English,USA,180000000,2014,2000,7,89000
Color,Matt Reeves,521,130,198,884,Judy Greer,10000,208543795,Action|Adventure|Drama|Sci-Fi,Gary Oldman,Dawn of the Planet of the Apes,317542,14363,Kodi Smit-McPhee,620,English,USA,170000000,2014,2000,7.6,45000
Color,Roland Joffé,10,109,596,283,Alice Englert,622,,Action|Adventure|Romance|Sci-Fi,Tamsin Egerton,The Lovers,2138,1982,Bipasha Basu,15,English,Belgium,,2015,525,4.5,677
Color,Carl Rinsch,218,128,47,982,Cary-Hiroyuki Tagawa,18000,38297305,Action|Adventure|Drama|Fantasy,Keanu Reeves,47 Ronin,116994,20965,Jin Akanishi,324,English,USA,175000000,2013,1000,6.3,35000
Color,Anthony Russo,576,136,94,2000,Chris Evans,19000,259746958,Action|Adventure|Sci-Fi,Scarlett Johansson,Captain America: The Winter Soldier,496749,36188,Hayley Atwell,742,English,USA,170000000,2014,11000,7.8,55000
Color,Mike Mitchell,226,93,31,213,Kathy Griffin,4000,238371987,Adventure|Animation|Comedy|Family|Fantasy,Jon Hamm,Shrek Forever After,138661,4628,Mary Kay Place,173,English,USA,165000000,2010,225,6.4,0
Color,Brad Bird,443,130,663,604,Chris Bauer,2000,93417865,Action|Adventure|Family|Mystery|Sci-Fi,Judy Greer,Tomorrowland,128306,5046,Thomas Robinson,497,English,USA,190000000,2015,638,6.5,37000
Color,Don Hall,384,102,38,562,Daniel Henney,756,222487711,Action|Adventure|Animation|Comedy|Drama|Family|Sci-Fi,Damon Wayans Jr.,Big Hero 6,279093,2963,Abraham Benrubi,433,English,USA,165000000,2014,719,7.9,41000
Color,Rich Moore,377,101,66,833,Sarah Silverman,975,189412677,Adventure|Animation|Comedy|Family|Sci-Fi,Jack McBrayer,Wreck-It Ralph,272534,4451,Joe Lo Truglio,345,English,USA,165000000,2012,931,7.8,40000
Color,Robert Zemeckis,188,100,0,267,Eddie Deezen,15000,665426,Adventure|Animation|Family|Fantasy,Tom Hanks,The Polar Express,120798,16264,Peter Scolari,444,English,USA,165000000,2004,726,6.6,10000
Color,Roland Emmerich,286,120,776,535,Sela Ward,890,102315545,Action|Adventure|Sci-Fi,Vivica A. Fox,Independence Day: Resurgence,58137,3233,Judd Hirsch,520,English,USA,165000000,2016,812,5.5,67000
Color,Dean DeBlois,288,98,255,759,America Ferrera,18000,217387997,Adventure|Animation|Family|Fantasy,Gerard Butler,How to Train Your Dragon,485430,20453,Craig Ferguson,492,English,USA,165000000,2010,953,8.2,33000
Color,Jonathan Mostow,280,109,84,191,M.C. Gainey,648,150350192,Action|Sci-Fi,Nick Stahl,Terminator 3: Rise of the Machines,305340,1769,Carolyn Hennesy,1676,English,USA,200000000,2003,284,6.4,0
Color,James Gunn,653,121,571,3000,Vin Diesel,14000,333130696,Action|Adventure|Sci-Fi,Bradley Cooper,Guardians of the Galaxy,682155,32438,Djimon Hounsou,1097,English,USA,170000000,2014,14000,8.1,96000
Color,Christopher Nolan,712,169,22000,6000,Anne Hathaway,11000,187991439,Adventure|Drama|Sci-Fi,Matthew McConaughey,Interstellar,928227,31488,Mackenzie Foy,2725,English,USA,165000000,2014,11000,8.6,349000
Color,Christopher Nolan,642,148,22000,23000,Tom Hardy,29000,292568851,Action|Adventure|Sci-Fi|Thriller,Leonardo DiCaprio,Inception,1468200,81115,Joseph Gordon-Levitt,2803,English,USA,160000000,2010,27000,8.8,175000
Color,Hideaki Anno,1,120,28,12,Shin'ya Tsukamoto,544,,Action|Adventure|Drama|Horror|Sci-Fi,Mark Chinnery,Godzilla Resurgence,374,699,Atsuko Maeda,13,Japanese,Japan,,2016,106,8.2,0
Color,Peter Jackson,645,182,0,773,Adam Brown,5000,303001229,Adventure|Fantasy,Aidan Turner,The Hobbit: An Unexpected Journey,637246,9152,James Nesbitt,1367,English,USA,180000000,2012,972,7.9,166000
Color,Rob Cohen,187,106,357,4000,Vin Diesel,23000,144512310,Action|Crime|Thriller,Paul Walker,The Fast and the Furious,272223,45327,Jordana Brewster,988,English,USA,38000000,2001,14000,6.7,14000
Color,David Fincher,362,166,21000,919,Jason Flemyng,11000,127490802,Drama|Fantasy|Romance,Brad Pitt,The Curious Case of Benjamin Button,459346,13333,Julia Ormond,822,English,USA,150000000,2008,1000,7.8,23000
Color,Matthew Vaughn,500,132,905,1000,Michael Fassbender,34000,146405371,Action|Adventure|Sci-Fi,Jennifer Lawrence,X-Men: First Class,518537,50983,Oliver Platt,698,English,USA,160000000,2011,13000,7.8,54000
Color,Francis Lawrence,389,137,508,14000,Philip Seymour Hoffman,34000,281666058,Adventure|Sci-Fi,Jennifer Lawrence,The Hunger Games: Mockingjay - Part 2,166137,81385,Josh Hutcherson,383,English,USA,160000000,2015,22000,6.6,38000
Color,Jon Turteltaub,235,109,226,370,Omar Benson Miller,12000,63143812,Action|Adventure|Family|Fantasy,Nicolas Cage,The Sorcerer's Apprentice,124185,13388,Robert Capron,238,English,USA,150000000,2010,418,6.1,11000
Color,Wolfgang Petersen,231,98,249,702,Mike Vogel,87000,60655503,Action|Adventure|Drama|Thriller,Jimmy Bennett,Poseidon,82380,92456,Andre Braugher,629,English,USA,160000000,2006,2000,5.6,0
Color,James Bobin,218,113,33,11000,Alan Rickman,40000,76846624,Adventure|Family|Fantasy,Johnny Depp,Alice Through the Looking Glass,21352,80806,Anne Hathaway,131,English,USA,170000000,2016,25000,6.4,30000
Color,Chris Miller,227,93,50,692,Eric Idle,3000,320706665,Adventure|Animation|Comedy|Family|Fantasy,Justin Timberlake,Shrek the Third,211971,4705,Rupert Everett,326,English,USA,160000000,2007,795,6.1,0
Color,Duncan Jones,275,123,0,648,Callum Rennie,3000,46978995,Action|Adventure|Fantasy,Dominic Cooper,Warcraft,111609,5505,Ruth Negga,781,English,USA,160000000,2016,716,7.3,89000
Color,Alan Taylor,474,126,230,2000,Emilia Clarke,24000,89732035,Action|Adventure|Sci-Fi,J.K. Simmons,Terminator Genisys,188457,38873,Matt Smith,867,English,USA,155000000,2015,10000,6.6,82000
Color,Michael Apted,228,113,150,59,Shane Rangi,531,104383624,Adventure|Family|Fantasy,Bruce Spence,The Chronicles of Narnia: The Voyage of the Dawn Treader,106446,764,Laura Brent,227,English,USA,155000000,2010,82,6.3,11000
 Black and White,Michael Bay,191,184,0,691,Jaime King,3000,198539855,Action|Drama|History|Romance|War,Jennifer Garner,Pearl Harbor,254111,5401,Mako,1999,English,USA,140000000,2001,961,6.1,0
Color,Michael Bay,396,144,0,581,Michael O'Neill,662,318759914,Action|Adventure|Sci-Fi,Zack Ward,Transformers,513158,2333,Kevin Dunn,1782,English,USA,150000000,2007,599,7.1,8000
Color,Oliver Stone,248,206,0,591,Angelina Jolie Pitt,12000,34293771,Action|Adventure|Biography|Drama|History|Romance|War,Anthony Hopkins,Alexander,138863,24598,Brian Blessed,1390,English,Germany,155000000,2004,11000,5.5,0
Color,David Yates,329,138,282,687,Daniel Radcliffe,21000,292000866,Adventure|Family|Fantasy|Mystery,Robert Pattinson,Harry Potter and the Order of the Phoenix,355137,33433,Fiona Shaw,1108,English,UK,150000000,2007,11000,7.5,0
Color,Mike Newell,295,157,179,10000,Daniel Radcliffe,21000,289994397,Adventure|Family|Fantasy|Mystery,Robert Pattinson,Harry Potter and the Goblet of Fire,385670,53413,Rupert Grint,1896,English,UK,150000000,2005,11000,7.6,0
Color,Peter Berg,318,102,532,979,Charlize Theron,10000,227946274,Action|Drama,Will Smith,Hancock,343648,21584,Eddie Marsan,590,English,USA,150000000,2008,9000,6.4,0
Color,Francis Lawrence,323,104,508,558,Alice Braga,10000,256386216,Drama|Horror|Sci-Fi,Will Smith,I Am Legend,530870,13076,Willow Smith,1413,English,USA,150000000,2007,1000,7.2,11000
Color,Tim Burton,276,115,13000,588,Christopher Lee,40000,206456431,Adventure|Comedy|Family|Fantasy,Johnny Depp,Charlie and the Chocolate Factory,320284,57844,David Kelly,1361,English,USA,150000000,2005,16000,6.7,0
Color,Brad Bird,318,111,663,954,John Ratzenberger,1000,206435493,Animation|Comedy|Family|Fantasy,Janeane Garofalo,Ratatouille,473887,4764,Brian Dennehy,626,English,USA,150000000,2007,1000,8,10000
Color,Christopher Nolan,478,128,22000,11000,Liam Neeson,23000,205343774,Action|Adventure,Christian Bale,Batman Begins,980946,59558,Morgan Freeman,2685,English,USA,150000000,2005,14000,8.3,15000
Color,Eric Darnell,167,89,35,436,Jada Pinkett Smith,1000,179982968,Action|Adventure|Animation|Comedy|Family,Bernie Mac,Madagascar: Escape 2 Africa,146019,3285,Cedric the Entertainer,119,English,USA,150000000,2008,851,6.7,0
Color,Shawn Levy,185,105,189,1000,Rami Malek,49000,177243721,Adventure|Comedy|Family|Fantasy,Robin Williams,Night at the Museum: Battle of the Smithsonian,130272,54039,Steve Coogan,209,English,USA,150000000,2009,3000,5.9,2000
Color,Gavin Hood,350,119,151,2000,Ryan Reynolds,20000,179883016,Action|Adventure|Fantasy|Sci-Fi|Thriller,Hugh Jackman,X-Men Origins: Wolverine,361924,40054,Dominic Monaghan,641,English,USA,150000000,2009,16000,6.7,0
Color,Lana Wachowski,245,129,0,233,Collin Chou,309,139259759,Action|Sci-Fi,Essie Davis,The Matrix Revolutions,364948,1062,Nona Gaye,2121,English,Australia,150000000,2003,269,6.7,0
Color,Chris Buck,406,102,69,490,Maurice LaMarche,1000,400736600,Adventure|Animation|Comedy|Family|Fantasy|Musical,Josh Gad,Frozen,421658,2582,Livvy Stubenrauch,904,English,USA,150000000,2013,523,7.6,58000
Color,Lana Wachowski,275,138,0,30,Daniel Bernhardt,234,281492479,Action|Sci-Fi,Steve Bastoni,The Matrix Reloaded,421818,534,Helmut Bakaitis,2789,English,USA,150000000,2003,198,7.2,0
Color,Alan Taylor,486,112,230,12000,Natalie Portman,26000,206360018,Action|Adventure|Fantasy,Chris Hemsworth,Thor: The Dark World,414070,59803,Anthony Hopkins,532,English,USA,170000000,2013,20000,7.1,63000
Color,George Miller,739,120,750,943,Charlize Theron,27000,153629485,Action|Adventure|Sci-Fi|Thriller,Tom Hardy,Mad Max: Fury Road,552503,40025,Zoë Kravitz,1588,English,Australia,150000000,2015,9000,8.1,191000
Color,Ron Howard,298,146,2000,294,Ayelet Zurer,15000,133375846,Mystery|Thriller,Tom Hanks,Angels & Demons,207839,16948,Armin Mueller-Stahl,435,English,USA,150000000,2009,745,6.7,0
Color,Kenneth Branagh,516,115,0,12000,Natalie Portman,26000,181015141,Action|Adventure|Fantasy,Chris Hemsworth,Thor,536314,60059,Anthony Hopkins,738,English,USA,150000000,2011,20000,7,63000
Color,Byron Howard,225,96,59,699,Diedrich Bader,17000,114053579,Adventure|Animation|Comedy|Drama|Family,Chloë Grace Moretz,Bolt,146766,20007,James Lipton,178,English,USA,150000000,2008,759,6.9,0
Color,Hoyt Yeatman,145,88,12,182,Piper Mackenzie Harris,730,119420252,Action|Adventure|Animation|Comedy|Family|Fantasy|Sci-Fi,Kelli Garner,G-Force,33042,2217,Niecy Nash,90,English,USA,150000000,2009,607,5.1,0
Color,Jonathan Liebesman,310,99,473,502,Edgar Ramírez,14000,83640426,Action|Adventure|Fantasy,Liam Neeson,Wrath of the Titans,152826,16184,Lily James,253,English,USA,150000000,2012,897,5.8,19000
Color,Tim Burton,526,113,13000,16000,Chloë Grace Moretz,40000,79711678,Comedy|Fantasy|Horror,Johnny Depp,Dark Shadows,199039,80849,Christopher Lee,479,English,USA,100000000,2012,17000,6.2,82000
Color,Christopher McQuarrie,465,131,188,641,Jeremy Renner,10000,195000874,Action|Adventure|Thriller,Tom Cruise,Mission: Impossible - Rogue Nation,232187,21840,Sean Harris,440,English,China,150000000,2015,10000,7.4,47000
Color,Joe Johnston,357,119,394,162,Simon Merrells,12000,61937495,Drama|Fantasy|Horror|Thriller,Anthony Hopkins,The Wolfman,89442,13071,Art Malik,432,English,USA,150000000,2010,490,5.8,0
Color,David Yates,248,110,282,103,Alexander Skarsgård,11000,124051759,Action|Adventure|Drama|Romance,Christoph Waltz,The Legend of Tarzan,42372,21175,Casper Crump,239,English,USA,180000000,2016,10000,6.6,29000
Color,Steve Hickner,194,91,58,826,Oprah Winfrey,2000,126597121,Adventure|Animation|Comedy|Family,Matthew Broderick,Bee Movie,105902,6576,Rip Torn,206,English,USA,150000000,2007,852,6.2,0
Color,Jennifer Yuh Nelson,284,90,90,15,Gary Oldman,11000,165230261,Action|Adventure|Animation|Comedy|Family,Angelina Jolie Pitt,Kung Fu Panda 2,182718,21015,Mike Bell,209,English,USA,150000000,2011,10000,7.3,20000
Color,M. Night Shyamalan,280,103,0,346,Noah Ringer,1000,131564731,Action|Adventure|Family|Fantasy,Seychelle Gabriel,The Last Airbender,118951,2857,Aasif Mandvi,1382,English,USA,150000000,2010,756,4.2,18000
Color,J.J. Abrams,310,124,14000,979,Tom Cruise,22000,133382309,Action|Adventure|Thriller,Philip Seymour Hoffman,Mission: Impossible III,256695,34817,Eddie Marsan,871,English,USA,150000000,2006,10000,6.9,0
Color,Roland Emmerich,339,131,776,256,Jake Weber,17000,73103784,Action|Drama|Thriller,Channing Tatum,White House Down,164238,18204,Matt Craven,434,English,USA,150000000,2013,551,6.4,33000
Color,Simon Wells,132,88,25,433,Dan Fogler,921,21379315,Action|Adventure|Animation|Comedy|Family|Sci-Fi,Elisabeth Harnois,Mars Needs Moms,17590,2652,Tom Everett Scott,112,English,USA,150000000,2011,562,5.4,0
Color,David Bowers,135,85,42,586,Kate Winslet,20000,64459316,Adventure|Animation|Comedy|Family,Hugh Jackman,Flushed Away,85086,35161,David Suchet,122,English,UK,149000000,2006,14000,6.7,0
Color,Joe Wright,256,111,456,394,Cara Delevingne,20000,34964818,Adventure|Family|Fantasy,Hugh Jackman,Pan,39956,21393,Nonso Anozie,186,English,USA,150000000,2015,548,5.8,24000
Color,Rob Minkoff,196,92,50,517,Zach Callison,3000,111505642,Adventure|Animation|Comedy|Family|Sci-Fi,Ty Burrell,Mr. Peabody & Sherman,47900,5810,Karan Brar,130,English,USA,145000000,2014,1000,6.9,11000
Color,Wolfgang Petersen,220,196,249,844,Orlando Bloom,11000,133228348,Adventure,Brad Pitt,Troy,381672,17944,Julian Glover,1694,English,USA,175000000,2004,5000,7.2,0
Color,Eric Darnell,211,93,35,436,Martin Short,851,216366733,Adventure|Animation|Comedy|Family,Jada Pinkett Smith,Madagascar 3: Europe's Most Wanted,119213,2444,Cedric the Entertainer,154,English,USA,145000000,2012,770,6.9,17000
 Black and White,Lee Tamahori,264,133,93,746,Colin Salmon,769,160201106,Action|Adventure|Thriller,Toby Stephens,Die Another Day,169914,2538,Rick Yune,1185,English,UK,142000000,2002,766,6.1,0
Color,Paul Feig,464,116,176,322,Kate McKinnon,783,118099659,Action|Comedy|Fantasy|Sci-Fi,Ed Begley Jr.,Ghostbusters,69757,2097,Zach Woods,1211,English,USA,144000000,2016,370,5.5,62000
Color,Michael Bay,167,153,0,537,Steve Buscemi,13000,201573391,Action|Adventure|Sci-Fi|Thriller,Bruce Willis,Armageddon,322395,26029,Will Patton,1171,English,USA,140000000,1998,12000,6.6,11000
Color,Barry Sonnenfeld,208,88,188,826,Rosario Dawson,10000,190418803,Action|Adventure|Comedy|Family|Fantasy|Mystery|Sci-Fi,Will Smith,Men in Black II,270207,14823,Rip Torn,606,English,USA,140000000,2002,3000,6.1,2000
Color,Robert Zemeckis,287,115,0,964,Anthony Hopkins,18000,82161969,Action|Adventure|Animation|Fantasy,Robin Wright,Beowulf,142440,31523,Sebastian Roché,505,English,USA,150000000,2007,12000,6.3,3000
Color,Alessandro Carloni,210,95,5,967,Angelina Jolie Pitt,24000,143523463,Action|Adventure|Animation|Comedy|Family,J.K. Simmons,Kung Fu Panda 3,64322,36095,Wayne Knight,145,English,USA,145000000,2016,11000,7.2,24000
Color,Brad Bird,432,133,663,690,Jeremy Renner,10000,209364921,Action|Adventure|Thriller,Tom Cruise,Mission: Impossible - Ghost Protocol,365104,21768,Michael Nyqvist,512,English,USA,145000000,2011,10000,7.4,35000
Color,Peter Ramsey,256,97,52,161,Kamil McFadden,20000,103400692,Adventure|Animation|Family|Fantasy,Hugh Jackman,Rise of the Guardians,123553,20645,Khamani Griffin,174,English,USA,145000000,2012,315,7.3,25000
Color,Dean Parisot,135,90,23,233,Richard Burgi,957,110332737,Comedy|Crime,John Michael Higgins,Fun with Dick and Jane,110788,1997,David Herman,258,English,USA,100000000,2005,550,6.1,2000
Color,Edward Zwick,190,154,380,445,Tony Goldwyn,10000,111110575,Action|Drama|History|War,Tom Cruise,The Last Samurai,317166,11945,Chad Lindberg,928,English,USA,140000000,2003,956,7.7,0
Color,Ridley Scott,314,150,0,748,María Valverde,23000,65007045,Action|Adventure|Drama,Christian Bale,Exodus: Gods and Kings,128682,26490,Ben Mendelsohn,657,English,UK,140000000,2014,893,6.1,51000
Color,J.J. Abrams,518,127,14000,981,Leonard Nimoy,26000,257704099,Action|Adventure|Sci-Fi,Chris Hemsworth,Star Trek,504419,39284,Bruce Greenwood,1559,English,USA,150000000,2009,12000,8,19000
Color,Sam Raimi,291,121,0,4000,James Franco,24000,403706375,Action|Adventure|Fantasy|Romance,J.K. Simmons,Spider-Man,544665,40484,Kirsten Dunst,2012,English,USA,139000000,2002,11000,7.3,5000
Color,Dean DeBlois,292,102,255,953,Djimon Hounsou,18000,176997107,Action|Adventure|Animation|Comedy|Family|Fantasy,Gerard Butler,How to Train Your Dragon 2,221128,23378,America Ferrera,343,English,USA,145000000,2014,3000,7.9,46000
Color,Alex Proyas,184,126,295,284,Elodie Yung,18000,31141074,Action|Adventure|Fantasy,Gerard Butler,Gods of Egypt,51892,19769,Bryan Brown,273,English,USA,140000000,2016,934,5.5,24000
Color,Rob Cohen,145,121,357,653,Joe Morton,820,31704416,Action|Adventure|Sci-Fi|Thriller,Sam Shepard,Stealth,45455,2705,Richard Roxburgh,388,English,USA,135000000,2005,780,5,0
Color,Zack Snyder,451,215,0,413,Billy Crudup,986,107503316,Action|Drama|Mystery|Sci-Fi,Matt Frewer,Watchmen,392474,2530,Stephen McHattie,1229,English,USA,130000000,2009,745,7.7,18000
Color,Richard Donner,141,127,503,91,Rene Russo,5000,129734803,Action|Crime|Thriller,Jet Li,Lethal Weapon 4,127497,6171,Darlene Love,287,English,USA,140000000,1998,808,6.6,0
Color,Ang Lee,267,138,0,258,Regi Davis,820,132122995,Action|Sci-Fi,Kevin Rankin,Hulk,212106,1814,Celia Weston,1445,English,USA,137000000,2003,300,5.7,0
Color,Jon M. Chu,351,122,209,934,Dwayne Johnson,17000,122512052,Action|Adventure|Sci-Fi|Thriller,Channing Tatum,G.I. Joe: Retaliation,146352,31958,Elodie Yung,288,English,USA,130000000,2013,12000,5.8,42000
Color,Breck Eisner,163,124,42,848,Rainn Wilson,11000,68642452,Action|Adventure|Comedy|Thriller,Matthew McConaughey,Sahara,77673,13073,Delroy Lindo,463,English,UK,130000000,2005,973,6,0
Color,Hironobu Sakaguchi,166,106,6,422,Ming-Na Wen,12000,32131830,Action|Adventure|Animation|Fantasy|Romance|Sci-Fi,Steve Buscemi,Final Fantasy: The Spirits Within,72259,15015,Jean Simmons,788,English,USA,137000000,2001,2000,6.4,0
Color,Joe Johnston,510,124,394,2000,Dominic Cooper,11000,176636816,Action|Adventure|Sci-Fi,Chris Evans,Captain America: The First Avenger,508818,19761,Hayley Atwell,679,English,USA,140000000,2011,3000,6.9,46000
Color,Michael Apted,197,128,150,244,Maria Grazia Cucinotta,766,126930660,Action|Adventure|Thriller,Colin Salmon,The World Is Not Enough,157519,2037,Desmond Llewelyn,683,English,UK,135000000,1999,536,6.4,2000
Color,Peter Weir,244,138,608,168,Lee Ingleby,613,93926386,Action|Adventure|Drama|History|War,James D'Arcy,Master and Commander: The Far Side of the World,168207,1205,David Threlfall,684,English,USA,150000000,2003,172,7.4,0
Color,Bill Condon,322,115,386,12000,Kristen Stewart,21000,292298923,Adventure|Drama|Fantasy|Romance,Robert Pattinson,The Twilight Saga: Breaking Dawn - Part 2,185394,59177,Taylor Lautner,329,English,USA,120000000,2012,17000,5.5,65000
Color,George Miller,156,100,750,988,Brad Pitt,49000,63992328,Animation|Comedy|Family|Musical,Robin Williams,Happy Feet 2,32399,62644,Common,79,English,Australia,135000000,2011,11000,5.9,0
Color,Louis Leterrier,354,135,255,882,Peter Mensah,3000,134518390,Action|Adventure|Sci-Fi,Ty Burrell,The Incredible Hulk,326286,5811,William Hurt,643,English,USA,150000000,2008,1000,6.8,0
Color,,21,60,,184,Philip Michael Thomas,982,,Action|Crime|Drama|Mystery|Thriller,Don Johnson,Miami Vice,16769,1687,John Diehl,74,English,USA,1500000,,321,7.5,0
Color,Steven Spielberg,252,117,14000,358,Penelope Wilton,535,52792307,Adventure|Family|Fantasy,Mark Rylance,The BFG,12572,1950,Rafe Spall,106,English,UK,140000000,2016,400,6.8,27000
Color,Alejandro G. Iñárritu,556,156,0,733,Tom Hardy,29000,183635922,Adventure|Drama|Thriller|Western,Leonardo DiCaprio,The Revenant,406020,57108,Lukas Haas,1188,English,USA,135000000,2015,27000,8.1,190000
Color,David Soren,166,96,13,463,Snoop Dogg,16000,83024900,Adventure|Animation|Comedy|Family|Sport,Ryan Reynolds,Turbo,62424,17416,Ben Schwartz,90,English,USA,135000000,2013,881,6.5,13000
Color,Gore Verbinski,362,107,563,939,Ray Winstone,40000,123207194,Adventure|Animation|Comedy|Family|Western,Johnny Depp,Rango,183208,43291,Stephen Root,337,English,USA,135000000,2011,1000,7.2,26000
Color,Eric Darnell,153,92,35,179,Annet Mahendru,19000,83348920,Adventure|Animation|Comedy|Family,Benedict Cumberbatch,Penguins of Madagascar,60230,19963,Andy Richter,118,English,USA,132000000,2014,411,6.7,11000
Color,Paul Greengrass,329,115,521,883,Edgar Ramírez,13000,227137090,Action|Mystery|Thriller,Matt Damon,The Bourne Ultimatum,491077,17369,Albert Finney,820,English,USA,110000000,2007,897,8.1,0
Color,Mark Osborne,266,92,54,562,Wayne Knight,11000,215395021,Action|Adventure|Animation|Comedy|Family,Angelina Jolie Pitt,Kung Fu Panda,307029,12754,Dan Fogler,360,English,USA,130000000,2008,967,7.6,6000
Color,Peyton Reed,517,117,235,680,Hayley Atwell,2000,180191634,Action|Adventure|Comedy|Sci-Fi,Judy Greer,Ant-Man,313866,5730,T.I.,549,English,USA,130000000,2015,2000,7.4,61000
Color,Francis Lawrence,502,146,508,523,Josh Hutcherson,34000,424645577,Adventure|Sci-Fi|Thriller,Jennifer Lawrence,The Hunger Games: Catching Fire,498397,49355,Sandra Ellis Lafferty,706,English,USA,130000000,2013,14000,7.6,82000
Color,Bill Condon,322,115,386,12000,Kristen Stewart,21000,292298923,Adventure|Drama|Fantasy|Romance,Robert Pattinson,The Twilight Saga: Breaking Dawn - Part 2,185394,59177,Taylor Lautner,329,English,USA,120000000,2012,17000,5.5,65000
Color,Tim Johnson,165,94,12,183,Matt Jones,17000,177343675,Adventure|Animation|Comedy|Family|Fantasy|Sci-Fi,Jim Parsons,Home,70121,17883,April Winchell,214,English,USA,135000000,2015,523,6.7,26000
Color,Steven Spielberg,401,116,14000,807,Lisa Ann Walter,10000,234277056,Adventure|Sci-Fi|Thriller,Tom Cruise,War of the Worlds,334345,12758,Rick Gonzalez,2741,English,USA,132000000,2005,1000,6.5,0
Color,Michael Bay,94,147,0,877,Henry Rollins,10000,138396624,Action|Comedy|Crime|Thriller,Will Smith,Bad Boys II,178126,12954,Jordi Mollà,511,English,USA,130000000,2003,898,6.6,0
Color,Chris Miller,246,90,50,397,Constance Marie,4000,149234747,Action|Adventure|Animation|Comedy|Family|Fantasy,Salma Hayek,Puss in Boots,114287,5046,Amy Sedaris,137,English,USA,130000000,2011,442,6.7,16000
Color,Phillip Noyce,330,101,176,282,Andre Braugher,11000,118311368,Action|Crime|Mystery|Thriller,Angelina Jolie Pitt,Salt,245621,12406,August Diehl,514,English,USA,110000000,2010,702,6.4,23000
Color,Darren Aronofsky,434,138,0,8000,Emma Watson,12000,101160529,Action|Adventure|Drama,Anthony Hopkins,Noah,200022,32355,Logan Lerman,1240,English,USA,125000000,2014,9000,5.8,71000
Color,Steven Spielberg,440,107,14000,845,Mackenzie Crook,2000,77564037,Action|Adventure|Family|Mystery,Toby Jones,The Adventures of Tintin,177383,4631,Tony Curran,447,English,USA,135000000,2011,871,7.4,44000
Color,Alfonso Cuarón,274,142,0,10000,Gary Oldman,11000,249358727,Adventure|Family|Fantasy|Mystery,Daniel Radcliffe,Harry Potter and the Prisoner of Azkaban,382255,33284,Rupert Grint,1504,English,UK,130000000,2004,10000,7.8,11000
Color,Baz Luhrmann,245,165,1000,165,Bryan Brown,309,49551662,Adventure|Drama|Romance|War,Essie Davis,Australia,102338,921,Eddie Baroo,450,English,Australia,130000000,2008,284,6.6,0
Color,M. Night Shyamalan,349,100,0,894,Zoë Kravitz,10000,60522097,Action|Adventure|Sci-Fi,Will Smith,After Earth,158720,14168,Glenn Morshower,744,English,USA,130000000,2013,943,4.9,37000
Color,Eric Leighton,145,82,0,388,D.B. Sweeney,1000,137748063,Adventure|Animation|Family|Thriller,Alfre Woodard,Dinosaur,38438,2945,Della Reese,241,English,USA,127500000,2000,558,6.5,0
Color,Matt Birch,1,,0,159,Dave Legeno,10000,,Action|Fantasy,Rupert Grint,Harry Potter and the Deathly Hallows: Part II,381,11036,Ralph Ineson,2,English,UK,,2011,570,7.5,40
Color,Shawn Levy,154,98,189,1000,Rami Malek,49000,113733726,Adventure|Comedy|Family|Fantasy,Robin Williams,Night at the Museum: Secret of the Tomb,67223,53587,Steve Coogan,126,English,USA,127000000,2014,3000,6.2,11000
Color,Tom McGrath,233,95,96,8000,Brad Pitt,24000,148337537,Action|Animation|Comedy|Family|Sci-Fi,J.K. Simmons,Megamind,172754,46120,Will Ferrell,187,English,USA,130000000,2010,11000,7.3,13000
Color,Chris Columbus,258,159,0,645,Fiona Shaw,11000,317557891,Adventure|Family|Fantasy,Daniel Radcliffe,Harry Potter and the Sorcerer's Stone,444683,13191,Verne Troyer,1571,English,UK,125000000,2001,687,7.5,16000
Color,Robert Schwentke,208,96,124,1000,Jeff Bridges,16000,33592415,Action|Comedy|Fantasy,Ryan Reynolds,R.I.P.D.,91640,31549,Stephanie Szostak,210,English,USA,130000000,2013,12000,5.6,20000
Color,Hideaki Anno,1,120,28,12,Shin'ya Tsukamoto,544,,Action|Adventure|Drama|Horror|Sci-Fi,Mark Chinnery,Godzilla Resurgence,374,699,Atsuko Maeda,13,Japanese,Japan,,2016,106,8.2,0
Color,Gore Verbinski,271,143,563,1000,Orlando Bloom,40000,305388685,Action|Adventure|Fantasy,Johnny Depp,Pirates of the Caribbean: The Curse of the Black Pearl,809474,48184,Jack Davenport,2113,English,USA,140000000,2003,5000,8.1,10000
Color,Matt Birch,4,,0,1000,Toby Jones,10000,,Fantasy,Rupert Grint,Harry Potter and the Deathly Hallows: Part I,252,14719,Alfred Enoch,2,English,UK,,2010,2000,6.4,25
Color,Francis Lawrence,403,123,508,14000,Philip Seymour Hoffman,34000,337103873,Adventure|Sci-Fi|Thriller,Jennifer Lawrence,The Hunger Games: Mockingjay - Part 1,305008,81385,Josh Hutcherson,591,English,USA,125000000,2014,22000,6.7,52000
Color,Ron Howard,294,174,2000,362,Seth Gabel,15000,217536138,Mystery|Thriller,Tom Hanks,The Da Vinci Code,314253,16008,Jürgen Prochnow,1966,English,USA,125000000,2006,574,6.6,0
Color,Carlos Saldanha,159,101,107,56,Rachel Crow,688,131536019,Adventure|Animation|Comedy|Family|Musical,Miguel Ferrer,Rio 2,58498,1031,Jeffrey Garcia,99,English,USA,103000000,2014,237,6.4,0
Color,Bryan Singer,289,134,0,346,Bruce Davison,20000,214948780,Action|Adventure|Fantasy|Sci-Fi|Thriller,Hugh Jackman,X-Men 2,405973,20952,Aaron Stanford,1055,English,Canada,110000000,2003,505,7.5,0
Color,Justin Lin,342,132,681,12000,Vin Diesel,23000,209805005,Action|Crime|Thriller,Paul Walker,Fast Five,284792,55345,Dwayne Johnson,366,English,USA,125000000,2011,14000,7.3,54000
Color,Guy Ritchie,382,129,0,154,Eddie Marsan,21000,186830669,Action|Adventure|Crime|Mystery|Thriller,Robert Downey Jr.,Sherlock Holmes: A Game of Shadows,338635,22403,Paul Anderson,412,English,USA,125000000,2011,979,7.5,39000
Color,Louis Leterrier,344,106,255,850,Jason Flemyng,14000,163192114,Action|Adventure|Fantasy,Liam Neeson,Clash of the Titans,229679,18003,Alexa Davalos,637,English,USA,125000000,2010,1000,5.8,15000
Color,Paul Verhoeven,196,113,719,217,Rachel Ticotin,605,119412921,Action|Sci-Fi,Ronny Cox,Total Recall,240241,1441,Marshall Bell,391,English,USA,65000000,1990,308,7.5,0
Color,John McTiernan,85,102,323,241,Vladimir Kulich,845,32694788,Action|Adventure|History,Tony Curran,The 13th Warrior,101411,1815,Clive Russell,546,English,USA,85000000,1999,372,6.6,0
Color,Tony Gilroy,436,135,209,602,Scott Glenn,10000,113165635,Action|Adventure|Thriller,Jeremy Renner,The Bourne Legacy,229823,12175,Stacy Keach,504,English,USA,125000000,2012,826,6.7,31000
Color,Joel Schumacher,183,125,541,409,Vivica A. Fox,920,107285004,Action,Michael Gough,Batman & Robin,189855,2699,John Glover,1018,English,USA,125000000,1997,890,3.7,0
Color,Ron Howard,175,110,2000,636,T.J. Thyne,1000,260031035,Comedy|Family|Fantasy,Clint Howard,How the Grinch Stole Christmas,141414,4146,Molly Shannon,482,English,USA,123000000,2000,722,6,0
Color,Roland Emmerich,239,124,776,812,Dennis Quaid,15000,186739919,Action|Adventure|Sci-Fi|Thriller,Jake Gyllenhaal,The Day After Tomorrow,333248,20553,Sela Ward,1159,English,USA,125000000,2004,2000,6.4,19000
Color,John Woo,237,123,610,653,Dougray Scott,10000,215397307,Action|Adventure|Thriller,Tom Cruise,Mission: Impossible II,242188,11930,Richard Roxburgh,1426,English,USA,125000000,2000,794,6.1,0
Color,Wolfgang Petersen,231,130,249,461,Mary Elizabeth Mastrantonio,784,182618434,Action|Adventure|Drama|Thriller,Karen Allen,The Perfect Storm,133076,2684,Bob Gunton,779,English,USA,140000000,2000,638,6.4,0
Color,Tim Story,262,92,167,702,Ioan Gruffudd,11000,131920333,Action|Adventure|Sci-Fi|Thriller,Chris Evans,Fantastic 4: Rise of the Silver Surfer,213275,15302,Andre Braugher,436,English,USA,130000000,2007,2000,5.6,0
Color,Ang Lee,552,127,0,341,Rafe Spall,774,124976634,Adventure|Drama|Fantasy,Suraj Sharma,Life of Pi,440084,2121,Tabu,755,English,USA,120000000,2012,358,8,122000
Color,Mark Steven Johnson,276,123,160,402,Matt Long,12000,115802596,Action|Fantasy|Thriller,Nicolas Cage,Ghost Rider,182661,14017,Peter Fonda,681,English,USA,110000000,2007,701,5.2,0
Color,Paul Greengrass,267,123,521,265,Riz Ahmed,13000,108521835,Action|Thriller,Matt Damon,Jason Bourne,40123,13752,Ato Essandoh,297,English,UK,120000000,2016,365,7.1,31000
Color,McG,102,107,368,1000,Bernie Mac,2000,100685880,Action|Adventure|Comedy|Crime,Demi Moore,Charlie's Angels: Full Throttle,100821,4046,Justin Theroux,554,English,USA,120000000,2003,1000,4.8,0
Color,Ridley Scott,775,124,0,641,Charlize Theron,13000,126464904,Adventure|Mystery|Sci-Fi,Michael Fassbender,Prometheus,456260,24098,Sean Harris,2326,English,USA,130000000,2012,9000,7,97000
Color,Rob Minkoff,71,77,50,537,Brad Garrett,886,64736114,Adventure|Animation|Comedy|Family|Fantasy,Nathan Lane,Stuart Little 2,36471,2682,Melanie Griffith,69,English,USA,120000000,2002,799,5.4,459
Color,Neill Blomkamp,476,109,662,1000,Sharlto Copley,13000,93050117,Action|Drama|Sci-Fi|Thriller,Matt Damon,Elysium,338087,17689,Alice Braga,814,English,USA,115000000,2013,2000,6.6,61000
Color,David Twohy,207,134,123,567,Alexa Davalos,14000,57637485,Action|Adventure|Sci-Fi|Thriller,Vin Diesel,The Chronicles of Riddick,183909,17159,Christina Cox,666,English,USA,105000000,2004,850,6.7,0
Color,José Padilha,492,117,294,1000,Abbie Cornish,10000,58607007,Action|Crime|Sci-Fi|Thriller,Gary Oldman,RoboCop,182899,14161,Jennifer Ehle,630,English,USA,100000000,2014,2000,6.2,60000
Color,Lana Wachowski,284,135,0,87,Kick Gurry,690,43929341,Action|Family|Sport,Scott Porter,Speed Racer,57873,902,Nicholas Elia,414,English,USA,120000000,2008,107,6.1,0
Color,James L. Brooks,168,121,274,157,Domenick Lombardozzi,273,30212620,Comedy|Drama|Romance,Shelley Conn,How Do You Know,35066,993,Teyonah Parris,196,English,USA,120000000,2010,216,5.3,0
Color,James Mangold,283,117,446,877,Marc Blucas,10000,76418654,Action|Comedy|Romance,Tom Cruise,Knight and Day,148280,12731,Jordi Mollà,348,English,USA,117000000,2010,973,6.3,11000
Color,Joseph Kosinski,539,124,364,1000,Tom Cruise,11000,89021735,Action|Adventure|Mystery|Sci-Fi,Morgan Freeman,Oblivion,387436,22004,Zoë Bell,892,English,USA,120000000,2013,10000,7,71000
Color,George Lucas,359,140,0,4000,Christopher Lee,20000,380262555,Action|Adventure|Fantasy|Sci-Fi,Natalie Portman,Star Wars: Episode III - Revenge of the Sith,520104,44042,Hayden Christensen,3286,English,USA,113000000,2005,16000,7.6,10000
Color,George Lucas,284,142,0,4000,Christopher Lee,20000,310675583,Action|Adventure|Fantasy|Sci-Fi,Natalie Portman,Star Wars: Episode II - Attack of the Clones,464310,42990,Hayden Christensen,3516,English,USA,115000000,2002,16000,6.7,0
Color,Pete Docter,250,92,0,773,John Ratzenberger,12000,289907418,Adventure|Animation|Comedy|Family|Fantasy,Steve Buscemi,"Monsters, Inc.",585659,15013,James Coburn,593,English,USA,115000000,2001,1000,8.1,0
Color,James Mangold,440,138,446,929,Tao Okamoto,20000,132550960,Action|Adventure|Sci-Fi|Thriller,Hugh Jackman,The Wolverine,328067,23755,Rila Fukushima,533,English,USA,120000000,2013,992,6.7,68000
Color,George Lucas,320,136,0,1000,Liam Neeson,20000,474544677,Action|Adventure|Fantasy|Sci-Fi,Natalie Portman,Star Wars: Episode I - The Phantom Menace,534658,37723,Ian McDiarmid,3597,English,USA,115000000,1999,14000,6.5,13000
Color,Kirk De Micco,257,98,16,12000,Emma Stone,16000,187165546,Adventure|Animation|Comedy|Family|Fantasy,Ryan Reynolds,The Croods,150618,43286,Nicolas Cage,195,English,USA,135000000,2013,15000,7.3,28000
Color,Frédéric Forestier,33,116,0,141,Santiago Segura,936,,Adventure|Comedy|Family|Fantasy,Alain Delon,Asterix at the Olympic Games,20567,1609,Vanessa Hessler,36,French,France,78000000,2008,276,5.1,291
Color,John Woo,152,153,610,617,Roger Willie,12000,40911830,Action|Drama|War,Nicolas Cage,Windtalkers,55994,15046,Noah Emmerich,454,English,USA,115000000,2002,836,6,0
Color,Cedric Nicolas-Troyan,231,120,19,9000,Sam Claflin,26000,47952020,Action|Adventure|Drama|Fantasy,Chris Hemsworth,The Huntsman: Winter's War,37750,46719,Charlize Theron,134,English,USA,115000000,2016,11000,6.1,16000
Color,Jonathan Liebesman,348,101,473,429,Danny Woodburn,833,190871240,Action|Adventure|Comedy|Sci-Fi,Noel Fisher,Teenage Mutant Ninja Turtles,167085,2690,Jeremy Howard,491,English,USA,125000000,2014,809,5.9,62000
Color,Alfonso Cuarón,738,91,0,13,Basher Savage,39,274084951,Adventure|Drama|Sci-Fi|Thriller,Phaldut Sharma,Gravity,582917,87,Amy Warren,1885,English,UK,100000000,2013,23,7.8,147000
Color,Roger Donaldson,93,108,79,268,Grant Heslov,650,67155742,Action|Adventure|Thriller,Jamie Renée Smith,Dante's Peak,62271,1569,Tzi Ma,277,English,USA,116000000,1997,293,5.8,0
Color,Dave Green,181,112,13,799,Noel Fisher,5000,81638674,Action|Adventure|Comedy|Sci-Fi,Stephen Amell,Teenage Mutant Ninja Turtles: Out of the Shadows,17533,8306,Brad Garrett,115,English,USA,135000000,2016,833,6.3,12000
Color,Josh Trank,369,100,128,78,Reg E. Cathey,596,56114221,Action|Adventure|Sci-Fi,Tim Blake Nelson,Fantastic Four,110486,1261,Tim Heidecker,695,English,USA,120000000,2015,360,4.3,41000
Color,Shawn Levy,179,108,189,1000,Rami Malek,49000,250863268,Action|Adventure|Comedy|Family|Fantasy,Robin Williams,Night at the Museum,234480,55486,Steve Coogan,444,English,USA,110000000,2006,3000,6.4,3000
Color,Brad Peyton,358,114,62,884,Ioan Gruffudd,12000,155181732,Action|Adventure|Drama|Thriller,Dwayne Johnson,San Andreas,147497,16718,Archie Panjabi,499,English,USA,110000000,2015,2000,6.1,52000
Color,Roger Spottiswoode,160,119,55,387,Colin Salmon,811,125332007,Action|Adventure|Thriller,Vincent Schiavelli,Tomorrow Never Dies,149680,2958,Joe Don Baker,328,English,UK,110000000,1997,766,6.5,0
Color,Roland Emmerich,192,142,776,1000,Adam Baldwin,13000,113330342,Action|Drama|History|War,Heath Ledger,The Patriot,207613,19454,Tom Wilkinson,1144,English,USA,110000000,2000,2000,7.1,4000
Color,Steven Soderbergh,198,125,0,350,Julia Roberts,11000,125531634,Crime|Thriller,Brad Pitt,Ocean's Twelve,284852,19359,Mini Anden,627,English,USA,110000000,2004,8000,6.4,0
Color,Doug Liman,233,126,218,322,Angelina Jolie Pitt,11000,186336103,Action|Comedy|Crime|Romance|Thriller,Brad Pitt,Mr. & Mrs. Smith,348861,22722,Stephanie March,798,English,USA,120000000,2005,11000,6.5,0
Color,Robert Schwentke,263,119,124,1000,Theo James,14000,129995817,Adventure|Sci-Fi|Thriller,Kate Winslet,Insurgent,154621,22622,Mekhi Phifer,258,English,USA,110000000,2015,5000,6.3,27000
 Black and White,Martin Scorsese,267,170,17000,827,Adam Scott,29000,102608827,Biography|Drama,Leonardo DiCaprio,The Aviator,264318,34582,Frances Conroy,799,English,USA,110000000,2004,3000,7.5,0
Color,Rob Letterman,184,85,11,116,Catherine Tate,480,42776259,Adventure|Comedy|Family|Fantasy,James Corden,Gulliver's Travels,53160,1173,Olly Alexander,121,English,USA,112000000,2010,392,4.9,0
Color,Michel Gondry,447,119,1000,741,Tom Wilkinson,11000,98780042,Action|Comedy|Crime|Sci-Fi|Thriller,Christoph Waltz,The Green Hornet,136019,13391,Chad L. Coleman,443,English,USA,120000000,2011,1000,5.8,14000
Color,,29,60,,432,Dirk Benedict,669,,Action|Adventure|Crime,George Peppard,The A-Team,25402,1655,Dwight Schultz,97,English,USA,,,554,7.6,0
Color,Noam Murro,366,102,263,1000,Sullivan Stapleton,6000,106369117,Action|Drama|Fantasy|War,Eva Green,300: Rise of an Empire,225273,10583,Peter Mensah,523,English,USA,110000000,2014,1000,6.2,71000
Color,Raja Gosnell,172,103,67,111,Tim Gunn,383,142614158,Adventure|Animation|Comedy|Family|Fantasy,Mahadeo Shivraj,The Smurfs,66593,692,Madison McKinley,153,English,USA,110000000,2011,113,5.5,31000
Color,Will Finn,104,76,6,421,Roseanne Barr,12000,50026353,Animation|Comedy|Family|Music|Western,Steve Buscemi,Home on the Range,13581,13607,G.W. Bailey,88,English,USA,110000000,2004,513,5.4,304
Color,Robert Schwentke,181,120,124,943,Theo James,6000,66002193,Action|Adventure|Mystery|Sci-Fi|Thriller,Naomi Watts,Allegiant,44296,12452,Zoë Kravitz,144,English,USA,110000000,2016,5000,5.8,12000
Color,Shawn Levy,327,127,189,544,Torey Michael Adkins,20000,85463309,Action|Drama|Sci-Fi|Sport,Hugh Jackman,Real Steel,254841,22254,Olga Fonda,426,English,USA,110000000,2011,929,7.1,36000
Color,Raja Gosnell,125,105,67,40,Nancy O'Dell,681,71017784,Adventure|Animation|Comedy|Family|Fantasy,Jacob Tremblay,The Smurfs 2,27257,914,Vanessa Matsui,59,English,USA,105000000,2013,71,5.4,0
Color,Jan de Bont,79,121,101,202,Temuera Morrison,673,48068396,Action|Crime|Romance|Thriller,Jason Patric,Speed 2: Cruise Control,60573,2027,Lois Chiles,248,English,USA,160000000,1997,368,3.7,894
Color,Gavin Hood,326,114,151,430,Moises Arias,11000,61656849,Action|Sci-Fi,Harrison Ford,Ender's Game,184561,12908,Aramis Knight,554,English,USA,110000000,2013,635,6.7,123000
Color,Len Wiseman,354,129,235,297,Jonathan Sadowski,13000,134520804,Action|Adventure|Thriller,Bruce Willis,Live Free or Die Hard,336235,13961,Cyril Raffaelli,782,English,USA,110000000,2007,300,7.2,0
Color,Peter Jackson,297,171,0,857,Orlando Bloom,16000,313837577,Action|Adventure|Drama|Fantasy,Christopher Lee,The Lord of the Rings: The Fellowship of the Ring,1238746,22342,Billy Boyd,5060,English,New Zealand,93000000,2001,5000,8.8,21000
Color,Frank Coraci,188,120,153,447,Steve Coogan,1000,24004159,Action|Adventure|Comedy,Jim Broadbent,Around the World in 80 Days,68720,3175,Cécile De France,191,English,USA,110000000,2004,1000,5.8,0
 Black and White,Michael Mann,174,165,0,780,Jada Pinkett Smith,10000,58183966,Biography|Drama|Sport,Will Smith,Ali,79186,14196,Joe Morton,386,English,USA,107000000,2001,851,6.8,0
Color,Bo Welch,109,82,34,434,Kelly Preston,760,100446895,Adventure|Comedy|Family|Fantasy,Sean Hayes,The Cat in the Hat,36033,2762,Spencer Breslin,456,English,USA,109000000,2003,743,3.8,946
Color,Alex Proyas,225,115,295,466,Bruce Greenwood,10000,144795350,Action|Mystery|Sci-Fi|Thriller,Will Smith,"I, Robot",387632,12068,Chi McBride,789,English,USA,120000000,2004,981,7.1,0
Color,Ridley Scott,239,194,0,195,Orlando Bloom,14000,47396698,Action|Adventure|Drama|History|War,Liam Neeson,Kingdom of Heaven,217373,19600,Philip Glenister,942,English,USA,130000000,2005,5000,7.2,0
Color,Rob Minkoff,101,84,50,692,Nathan Lane,979,140015224,Adventure|Comedy|Family|Fantasy,Chazz Palminteri,Stuart Little,94172,3382,Jeffrey Jones,179,English,Germany,133000000,1999,886,5.9,0
Color,Ron Clements,228,97,63,525,Jenifer Lewis,852,104374107,Animation|Family|Fantasy|Musical|Romance,Oprah Winfrey,The Princess and the Frog,89351,2480,Anika Noni Rose,214,English,USA,105000000,2009,578,7.1,5000
Color,Ridley Scott,568,151,0,372,Donald Glover,13000,228430993,Adventure|Drama|Sci-Fi,Matt Damon,The Martian,472488,14831,Benedict Wong,1023,English,USA,108000000,2015,801,8.1,153000
,Christopher Barnard,,22,0,,,5,,Comedy,Mathew Buck,"10,000 B.C.",6,5,,,,,,,,7.2,0
Color,Michael Bay,257,136,0,3000,Steve Buscemi,19000,35799026,Action|Adventure|Romance|Sci-Fi|Thriller,Scarlett Johansson,The Island,263329,34839,Djimon Hounsou,899,English,USA,126000000,2005,12000,6.9,0
Color,Peter Chelsom,62,104,23,591,Warren Beatty,752,6712451,Comedy|Romance,Del Zamora,Town & Country,4102,3133,Garry Shandling,89,English,New Line,90000000,2001,631,4.4,53
Color,Dominic Sena,175,127,57,3000,Angelina Jolie Pitt,12000,101643008,Action|Crime|Thriller,Nicolas Cage,Gone in Sixty Seconds,218341,29069,Robert Duvall,498,English,USA,90000000,2000,11000,6.5,0
Color,Ridley Scott,265,171,0,695,Connie Nielsen,3000,187670866,Action|Drama|Romance,Djimon Hounsou,Gladiator,982637,6521,Oliver Reed,2368,English,USA,103000000,2000,933,8.5,21000
Color,Steven Spielberg,252,145,14000,533,Frank Grillo,10000,132014112,Action|Mystery|Sci-Fi|Thriller,Tom Cruise,Minority Report,399651,12546,Jessica Capshaw,1331,English,USA,102000000,2002,798,7.7,0
Color,Chris Columbus,232,174,0,9000,Rupert Grint,11000,261970615,Adventure|Family|Fantasy|Mystery,Daniel Radcliffe,Harry Potter and the Chamber of Secrets,387616,35672,Emma Watson,858,English,UK,100000000,2002,10000,7.4,0
 Black and White,Martin Campbell,400,144,258,834,Tobias Menzies,6000,167007184,Action|Adventure|Thriller,Eva Green,Casino Royale,470483,9125,Ivana Milicevic,2301,English,UK,150000000,2006,1000,8,0
Color,Tim Burton,230,119,13000,567,Estella Warren,1000,180011740,Action|Adventure|Sci-Fi|Thriller,Cary-Hiroyuki Tagawa,Planet of the Apes,177725,2776,Erick Avari,1368,English,USA,100000000,2001,658,5.7,0
Color,James Cameron,210,153,0,539,Jenette Goldstein,780,204843350,Action|Sci-Fi,Joe Morton,Terminator 2: Judgment Day,744891,2829,S. Epatha Merkerson,983,English,USA,102000000,1991,604,8.5,13000
Color,Michael Mann,357,140,0,1000,Christian Bale,40000,97030725,Biography|Crime|Drama|History|Romance,Johnny Depp,Public Enemies,230931,64599,Stephen Graham,585,English,USA,100000000,2009,23000,7,0
Color,Ridley Scott,300,176,0,561,Ruby Dee,18000,130127620,Biography|Crime|Drama,Denzel Washington,American Gangster,324671,20354,RZA,458,English,USA,100000000,2007,782,7.8,0
Color,James Cameron,94,141,0,618,Tia Carrere,2000,146282411,Action|Comedy|Thriller,Jamie Lee Curtis,True Lies,190439,4528,Tom Arnold,351,English,USA,115000000,1994,1000,7.2,0
Color,Tony Scott,267,106,12000,385,Ramon Rodriguez,18000,65452312,Action|Crime|Thriller,Denzel Washington,The Taking of Pelham 1 2 3,149998,19906,Michael Rispoli,285,English,USA,100000000,2009,464,6.4,0
Color,Paul Weitz,180,98,80,708,Blythe Danner,22000,148383780,Comedy|Romance,Robert De Niro,Little Fockers,85531,24082,Teri Polo,152,English,USA,100000000,2010,713,5.5,0
Color,Adam McKay,265,116,285,107,Will Ferrell,12000,119219978,Action|Comedy|Crime,Dwayne Johnson,The Other Guys,189806,20233,Derek Jeter,316,English,USA,100000000,2010,8000,6.7,16000
Color,Chuck Russell,81,115,55,383,James Coburn,1000,101228120,Action|Drama|Mystery|Thriller,Vanessa Williams,Eraser,84424,3454,Roma Maffia,131,English,USA,100000000,1996,773,6.1,0
Color,Quentin Tarantino,765,165,16000,265,Christoph Waltz,29000,162804648,Drama|Western,Leonardo DiCaprio,Django Unchained,955174,40978,Ato Essandoh,1193,English,USA,100000000,2012,11000,8.5,199000
Color,Gary Trousdale,80,91,21,542,Jason Alexander,2000,100117603,Animation|Drama|Family|Musical|Romance,Demi Moore,The Hunchback of Notre Dame,102933,4842,Bill Fagerbakke,230,English,USA,100000000,1996,700,6.9,0
Color,Mark Dindal,141,78,10,253,Wendie Malick,558,89296573,Adventure|Animation|Comedy|Family|Fantasy,Eartha Kitt,The Emperor's New Groove,128285,2039,John Fiedler,297,English,USA,100000000,2000,452,7.3,0
Color,Simon West,383,103,165,13000,Sylvester Stallone,26000,85017401,Action|Adventure|Thriller,Jason Statham,The Expendables 2,246803,57881,Bruce Willis,474,English,USA,92000000,2012,13000,6.7,108000
Color,Jon Turteltaub,193,131,226,341,Armando Riesco,12000,173005002,Action|Adventure|Comedy|Family|Mystery,Nicolas Cage,National Treasure,255447,13679,Annie Parisse,692,English,USA,100000000,2004,625,6.9,0
 Black and White,Stefen Fangmeier,170,104,14,203,Ed Speleers,3000,75030163,Action|Adventure|Family|Fantasy,Djimon Hounsou,Eragon,108076,4487,Gary Lewis,1690,English,USA,100000000,2006,762,5.1,0
Color,Spike Jonze,333,101,0,279,Ryan Corr,925,77222184,Adventure|Drama|Family|Fantasy,Catherine O'Hara,Where the Wild Things Are,87677,1738,Max Records,388,English,Germany,100000000,2009,468,6.8,11000
Color,Joe Wright,256,111,456,394,Cara Delevingne,20000,34964818,Adventure|Family|Fantasy,Hugh Jackman,Pan,39956,21393,Nonso Anozie,186,English,USA,150000000,2015,548,5.8,24000
Color,Chris Wedge,203,102,77,120,Emma Kenney,14000,107515297,Adventure|Animation|Family|Fantasy,Josh Hutcherson,Epic,85833,14552,Troy Evans,113,English,USA,100000000,2013,151,6.7,17000
Color,Florian Henckel von Donnersmarck,321,103,207,3000,Angelina Jolie Pitt,40000,67631157,Action|Romance|Thriller,Johnny Depp,The Tourist,176598,55175,Rufus Sewell,374,English,USA,100000000,2010,11000,6,25000
Color,Peter Hyams,174,121,0,595,Mark Margolis,1000,66862068,Action|Fantasy|Horror|Mystery,CCH Pounder,End of Days,89509,3903,Udo Kier,524,English,USA,83000000,1999,1000,5.7,2000
Color,Edward Zwick,166,143,380,452,Djimon Hounsou,29000,57366262,Adventure|Drama|Thriller,Leonardo DiCaprio,Blood Diamond,400292,33160,Stephen Collins,657,English,Germany,100000000,2006,3000,8,14000
Color,Martin Scorsese,606,240,17000,4000,Matthew McConaughey,29000,116866727,Biography|Comedy|Crime|Drama,Leonardo DiCaprio,The Wolf of Wall Street,780588,46057,Jon Favreau,1138,English,USA,100000000,2013,11000,8.2,138000
Color,Joel Schumacher,144,121,541,680,Rene Auberjonois,920,184031112,Action|Adventure|Fantasy,Michael Gough,Batman Forever,190786,2880,Debi Mazar,539,English,USA,100000000,1995,710,5.4,0
Color,Paul Verhoeven,192,129,719,423,Patrick Muldoon,660,54700065,Action|Sci-Fi|War,Jake Busey,Starship Troopers,221521,2031,Seth Gilliam,1049,English,USA,105000000,1997,475,7.2,0
Color,Tom Tykwer,511,172,670,1000,Jim Sturgess,15000,27098580,Drama|Sci-Fi,Tom Hanks,Cloud Atlas,284825,22686,Jim Broadbent,828,English,Germany,102000000,2012,5000,7.5,124000
Color,Zack Snyder,188,101,0,577,Richard Roxburgh,2000,55673333,Action|Adventure|Animation|Family|Fantasy,Abbie Cornish,Legend of the Guardians: The Owls of Ga'Hoole,65785,4286,Anthony LaPaglia,160,English,USA,80000000,2010,653,7,16000
Color,Pitof,212,87,26,566,Christopher Heyerdahl,827,40198710,Action|Crime|Fantasy|Romance|Thriller,Frances Conroy,Catwoman,87451,3144,Alex Borstein,660,English,USA,100000000,2004,825,3.3,0
Color,Brett Ratner,245,101,420,467,Rufus Sewell,12000,72660029,Action|Adventure,Dwayne Johnson,Hercules,115687,16235,Ingrid Bolsø Berdal,269,English,USA,100000000,2014,3000,6,21000
Color,Ron Clements,127,95,63,720,Martin Short,23000,38120554,Adventure|Animation|Family|Sci-Fi,Joseph Gordon-Levitt,Treasure Planet,71527,26940,Michael Wincott,217,English,USA,140000000,2002,770,7.1,0
Color,Brad Silberling,167,102,52,526,Anna Friel,8000,49392095,Adventure|Comedy|Sci-Fi,Will Ferrell,Land of the Lost,52029,10552,Bobb'e J. Thompson,224,English,USA,100000000,2009,735,5.4,0
Color,Patrick Hughes,320,131,385,11000,Sylvester Stallone,26000,39292022,Action|Adventure|Thriller,Jason Statham,The Expendables 3,127258,52610,Harrison Ford,351,English,USA,90000000,2014,13000,6.1,56000
Color,Ericson Core,163,114,19,848,Edgar Ramírez,1000,28772222,Action|Crime|Sport|Thriller,Ray Winstone,Point Break,33953,3962,Delroy Lindo,163,English,USA,105000000,2015,897,5.3,37000
Color,Lawrence Guterman,78,94,6,227,Traylor Howard,490,17010646,Comedy|Family|Fantasy,Jamie Kennedy,Son of the Mask,40751,1195,Ben Stein,239,English,USA,84000000,2005,294,2.2,881
Color,Ron Howard,289,122,2000,571,Benjamin Walker,26000,24985612,Action|Adventure|Biography|Drama|History|Thriller,Chris Hemsworth,In the Heart of the Sea,71782,28328,Frank Dillane,161,English,USA,100000000,2015,911,7,27000
Color,Ron Underwood,66,95,31,683,Randy Quaid,3000,4411102,Action|Comedy|Sci-Fi,Rosario Dawson,The Adventures of Pluto Nash,20295,6161,Burt Young,164,English,USA,100000000,2002,695,3.8,416
Color,Paul Greengrass,266,115,521,95,Sean Huze,13000,35024475,Action|Drama|Thriller|War,Matt Damon,Green Zone,110364,13761,Igal Naor,261,English,France,100000000,2010,537,6.9,0
Color,Steve Martino,208,88,20,36,Venus Schultheis,144,130174897,Adventure|Animation|Comedy|Family,Francesca Capaldi,The Peanuts Movie,27918,309,Bill Melendez,155,English,USA,99000000,2015,42,7.2,33000
Color,David Mamet,97,110,342,393,Felicity Huffman,623,10200000,Drama|Mystery|Thriller,Ben Gazzara,The Spanish Prisoner,18697,1722,Campbell Scott,263,English,USA,10000000,1997,508,7.3,578
Color,Stephen Sommers,202,130,208,591,Brendan Fraser,12000,202007640,Action|Adventure|Fantasy|Thriller,Dwayne Johnson,The Mummy Returns,248045,15972,Patricia Velasquez,890,English,USA,98000000,2001,3000,6.3,0
Color,Martin Scorsese,233,216,17000,1000,Liam Neeson,29000,77679638,Crime|Drama,Leonardo DiCaprio,Gangs of New York,314033,47657,Jim Broadbent,1166,English,USA,100000000,2002,14000,7.5,0
Color,Yimou Zhang,136,146,611,28,Ni Ni,23000,9213,Drama|History|Romance|War,Christian Bale,The Flowers of War,38690,23240,Shigeo Kobayashi,130,Mandarin,China,94000000,2011,196,7.6,13000
Color,Ash Brannon,154,85,9,970,Zooey Deschanel,12000,58867694,Animation|Comedy|Family|Sport,Jeff Bridges,Surf's Up,54077,25590,Jon Heder,112,English,USA,100000000,2007,11000,6.8,0
Color,Frank Oz,169,93,0,465,Matthew Broderick,11000,59475623,Comedy|Sci-Fi|Thriller,Jon Lovitz,The Stepford Wives,49739,13748,Roger Bart,407,English,USA,90000000,2004,2000,5.2,0
Color,Ridley Scott,200,152,0,557,Sam Shepard,2000,108638745,Drama|History|War,Ioan Gruffudd,Black Hawk Down,292022,4270,Ewen Bremner,1103,English,USA,92000000,2001,820,7.7,10000
Color,Jay Roach,255,85,116,329,Thomas Middleditch,8000,86897182,Comedy,Will Ferrell,The Campaign,106790,9271,Katherine LaNasa,177,English,USA,95000000,2012,331,6.2,18000
Color,Luc Besson,173,126,0,10000,Bruce Willis,14000,63540020,Action|Adventure|Sci-Fi,Milla Jovovich,The Fifth Element,343274,39319,Gary Oldman,742,English,France,93000000,1997,13000,7.7,18000
Color,Michael Patrick King,221,146,127,722,Liza Minnelli,962,95328937,Comedy|Drama|Romance,Chris Noth,Sex and the City 2,59581,4555,Kristin Davis,293,English,USA,100000000,2010,740,4.3,0
Color,Bibo Bergeron,82,89,10,442,Rosie Perez,2000,50802661,Adventure|Animation|Comedy|Family|Romance,Frank Welker,The Road to El Dorado,58300,3372,Elton John,139,English,USA,95000000,2000,919,6.9,0
Color,Steve Martino,233,88,20,916,Josh Gad,22000,161317423,Adventure|Animation|Comedy|Family,Peter Dinklage,Ice Age: Continental Drift,145321,25354,Drake,139,English,USA,95000000,2012,1000,6.6,14000
Color,Kenneth Branagh,343,105,0,502,Derek Jacobi,2000,201148159,Drama|Family|Fantasy|Romance,Hayley Atwell,Cinderella,103737,4671,Lily James,322,English,USA,95000000,2015,520,7,56000
Color,Peter Jackson,308,135,0,310,AJ Michalka,873,43982842,Drama|Fantasy|Thriller,Michael Imperioli,The Lovely Bones,125109,2370,Tom McCarthy,593,English,USA,65000000,2009,560,6.7,16000
Color,Andrew Stanton,301,100,475,799,Stephen Root,1000,380838870,Adventure|Animation|Comedy|Family,Alexander Gould,Finding Nemo,692482,5641,Brad Garrett,866,English,USA,94000000,2003,939,8.2,11000
Color,Peter Jackson,328,192,0,416,Billy Boyd,5000,377019252,Action|Adventure|Drama|Fantasy,Orlando Bloom,The Lord of the Rings: The Return of the King,1215718,6434,Bernard Hill,3189,English,USA,94000000,2003,857,8.9,16000
Color,Peter Jackson,294,172,0,857,Orlando Bloom,16000,340478898,Action|Adventure|Drama|Fantasy,Christopher Lee,The Lord of the Rings: The Two Towers,1100446,23052,Billy Boyd,2417,English,USA,94000000,2002,5000,8.7,10000
Color,Sergey Bodrov,175,102,44,766,Djimon Hounsou,12000,17176900,Action|Adventure|Fantasy,Jeff Bridges,Seventh Son,54501,17098,Olivia Williams,154,English,USA,95000000,2014,3000,5.5,16000
Color,Simon West,199,100,165,240,Noah Taylor,11000,131144183,Action|Adventure|Fantasy|Thriller,Angelina Jolie Pitt,Lara Croft: Tomb Raider,157016,12150,Chris Barrie,824,English,USA,115000000,2001,509,5.7,0
Color,Wally Pfister,355,119,0,968,Morgan Freeman,40000,23014504,Drama|Mystery|Romance|Sci-Fi|Thriller,Johnny Depp,Transcendence,172707,54031,Clifton Collins Jr.,462,English,UK,100000000,2014,11000,6.3,37000
Color,Joe Johnston,198,92,394,527,Trevor Morgan,693,181166115,Action|Adventure|Sci-Fi|Thriller,Michael Jeter,Jurassic Park III,219501,2574,Alessandro Nivola,1236,English,USA,93000000,2001,595,5.9,0
Color,Rupert Wyatt,529,105,81,779,David Oyelowo,11000,176740650,Action|Drama|Sci-Fi|Thriller,James Franco,Rise of the Planet of the Apes,403836,13118,Tyler Labine,646,English,USA,93000000,2011,1000,7.6,47000
Color,Mark Waters,198,107,70,330,Tod Fennell,770,71148699,Adventure|Family|Fantasy,Martin Short,The Spiderwick Chronicles,68935,1614,Joan Plowright,125,English,USA,90000000,2008,419,6.6,0
Color,John Moore,412,101,212,476,Cole Hauser,13000,67344392,Action|Thriller,Bruce Willis,A Good Day to Die Hard,165618,15481,Megalyn Echikunwoke,503,English,USA,92000000,2013,787,5.3,66000
Color,John Lee Hancock,106,137,102,877,Marc Blucas,2000,22406362,Drama|History|War|Western,Dennis Quaid,The Alamo,16832,5780,Jordi Mollà,267,English,USA,107000000,2004,973,6,701
Color,Brad Bird,283,115,663,55,Craig T. Nelson,1000,261437578,Action|Adventure|Animation|Family,Holly Hunter,The Incredibles,479166,1901,Lou Romano,815,English,USA,92000000,2004,723,8,0
Color,Renny Harlin,61,124,212,810,Frank Langella,1000,11000000,Action|Adventure|Comedy,Christopher Masterson,Cutthroat Island,21102,3611,Matthew Modine,169,English,USA,98000000,1995,903,5.6,1000
Color,Chris Columbus,217,118,0,1000,Rosario Dawson,8000,88761720,Adventure|Family|Fantasy,Logan Lerman,Percy Jackson & the Olympians: The Lightning Thief,141179,14024,Steve Coogan,419,English,UK,95000000,2010,3000,5.9,9000
Color,Barry Sonnenfeld,175,98,188,602,Rip Torn,10000,250147615,Adventure|Comedy|Family|Mystery|Sci-Fi,Will Smith,Men in Black,403014,12998,Linda Fiorentino,289,English,USA,90000000,1997,826,7.3,0
Color,John Lasseter,191,82,487,967,John Ratzenberger,15000,245823397,Adventure|Animation|Comedy|Family|Fantasy,Tom Hanks,Toy Story 2,385871,21275,Wayne Knight,515,English,USA,90000000,1999,1000,7.9,0
Color,Tony Scott,316,98,12000,1000,Rosario Dawson,18000,81557479,Action|Thriller,Denzel Washington,Unstoppable,149947,25780,Ethan Suplee,326,English,USA,100000000,2010,3000,6.8,18000
Color,Brett Ratner,127,90,420,141,John Lone,191,226138454,Action|Comedy|Crime|Thriller,Mei Melançon,Rush Hour 2,160440,664,Harris Yulin,394,English,USA,90000000,2001,165,6.6,0
Color,Robert Zemeckis,185,130,0,568,Amber Valletta,11000,155370362,Drama|Fantasy|Horror|Mystery|Thriller,Harrison Ford,What Lies Beneath,98403,12890,Miranda Otto,683,English,USA,100000000,2000,627,6.6,0
Color,Phil Lord,191,90,97,56,Bobb'e J. Thompson,622,124870275,Animation|Comedy|Family|Sci-Fi,Will Forte,Cloudy with a Chance of Meatballs,152601,1227,Al Roker,156,English,USA,100000000,2009,526,7,0
Color,Carlos Saldanha,188,94,107,117,Maile Flanagan,835,196573705,Action|Adventure|Animation|Comedy|Family,Denis Leary,Ice Age: Dawn of the Dinosaurs,166791,1258,Kelly Keaton,132,English,USA,90000000,2009,256,7,0
Color,Ben Stiller,362,114,0,423,Adrian Martinez,3000,58229120,Adventure|Comedy|Drama|Fantasy|Romance,Adam Scott,The Secret Life of Walter Mitty,236421,5095,Joey Slotnick,515,English,USA,90000000,2013,806,7.3,70000
Color,McG,181,94,368,466,LL Cool J,13000,125305545,Action|Adventure|Comedy|Crime|Thriller,Bill Murray,Charlie's Angels,145350,15419,Kelly Lynch,643,English,USA,92000000,2000,1000,5.5,0
Color,Martin Scorsese,352,151,17000,1000,Matt Damon,29000,132373442,Crime|Drama|Thriller,Leonardo DiCaprio,The Departed,873649,45648,Ray Winstone,2054,English,USA,90000000,2006,13000,8.5,29000
Color,Tony Bancroft,143,88,7,484,Harvey Fierstein,2000,120618403,Adventure|Animation|Family|Fantasy|Musical|War,Ming-Na Wen,Mulan,171792,4478,June Foray,222,English,USA,90000000,1998,500,7.5,12000
Color,Ben Stiller,308,121,0,918,Steve Coogan,21000,110416702,Action|Comedy,Robert Downey Jr.,Tropic Thunder,307539,23484,Brandon T. Jackson,577,English,USA,92000000,2008,1000,7,0
Color,David Fincher,517,158,21000,585,Goran Visnjic,18000,102515793,Crime|Drama|Mystery|Thriller,Robin Wright,The Girl with the Dragon Tattoo,330152,20388,Joely Richardson,632,English,USA,90000000,2011,1000,7.8,54000
Color,John McTiernan,148,128,323,489,Aldis Hodge,13000,100012500,Action|Adventure|Thriller,Bruce Willis,Die Hard with a Vengeance,299258,14274,Kevin Chamberlin,346,English,USA,90000000,1995,559,7.6,0
Color,Guy Ritchie,415,128,0,727,Eddie Marsan,21000,209019489,Action|Adventure|Crime|Mystery|Thriller,Robert Downey Jr.,Sherlock Holmes,477300,23996,Robert Maillet,621,English,USA,90000000,2009,979,7.6,20000
Color,Timur Bekmambetov,1,141,335,635,Ayelet Zurer,11000,,Adventure|Drama|History,Morgan Freeman,Ben-Hur,57,13379,Moises Arias,1,English,USA,,2016,745,6.1,0
Color,Gary Trousdale,146,95,21,503,Jim Varney,12000,84037039,Action|Adventure|Animation|Family|Fantasy|Sci-Fi,Leonard Nimoy,Atlantis: The Lost Empire,72591,15237,Cree Summer,289,English,USA,120000000,2001,802,6.8,0
Color,Walt Becker,70,92,12,1000,Joshua Mikel,35000,85884815,Adventure|Animation|Comedy|Family|Fantasy|Music,Bella Thorne,Alvin and the Chipmunks: The Road Chip,9418,38450,Jesse McCartney,53,English,USA,90000000,2015,1000,5,0
Color,Bryan Singer,269,121,0,919,Tom Wilkinson,10000,83077470,Drama|History|Thriller|War,Tom Cruise,Valkyrie,183247,14165,Thomas Kretschmann,440,English,USA,75000000,2008,1000,7.1,0
Color,Dennis Dugan,198,113,221,503,Sayed Badreya,11000,100018837,Action|Comedy,Adam Sandler,You Don't Mess with the Zohan,156348,13446,Kevin Nealon,380,English,USA,90000000,2008,600,5.5,0
Color,Chris Columbus,253,106,0,1000,Adam Sandler,22000,78747585,Action|Animation|Comedy|Sci-Fi,Peter Dinklage,Pixels,89770,35367,Josh Gad,342,English,USA,88000000,2015,11000,5.6,39000
Color,Steven Spielberg,281,146,14000,681,William Hurt,3000,78616689,Adventure|Drama|Sci-Fi,Haley Joel Osment,A.I. Artificial Intelligence,238747,6217,Kevin Sussman,2153,English,USA,100000000,2001,882,7.1,11000
Color,Rob Minkoff,122,88,50,441,Rachael Harris,691,75817994,Comedy|Family|Fantasy|Horror|Mystery,Marsha Thomason,The Haunted Mansion,32049,2622,Marc John Jefferies,179,English,USA,90000000,2003,569,4.9,988
Color,Robert Zemeckis,159,150,0,135,Tom Skerritt,11000,100853835,Drama|Mystery|Sci-Fi|Thriller,Matthew McConaughey,Contact,200556,12289,Larry King,611,English,USA,90000000,1997,1000,7.4,15000
Color,Paul Verhoeven,180,119,719,423,Kim Dickens,833,73209340,Action|Horror|Sci-Fi|Thriller,Greg Grunberg,Hollow Man,101834,2356,Joey Slotnick,628,English,USA,95000000,2000,624,5.7,0
Color,Sydney Pollack,227,128,521,249,George Harris,591,72515360,Crime|Mystery|Thriller,Curtiss Cook,The Interpreter,86152,2100,Michael Wright,411,Aboriginal,UK,80000000,2005,249,6.4,0
Color,Thor Freudenthal,183,106,87,918,Leven Rambin,8000,68558662,Adventure|Family|Fantasy,Logan Lerman,Percy Jackson: Sea of Monsters,86627,10882,Brandon T. Jackson,204,English,USA,90000000,2013,956,5.9,28000
Color,Jan de Bont,157,117,101,3000,Angelina Jolie Pitt,18000,65653758,Action|Adventure|Fantasy,Gerard Butler,Lara Croft Tomb Raider: The Cradle of Life,102747,33154,Djimon Hounsou,316,English,USA,95000000,2003,11000,5.5,0
Color,Jon M. Chu,196,129,209,886,Morgan Freeman,11000,64685359,Action|Adventure|Comedy|Crime|Mystery|Thriller,Daniel Radcliffe,Now You See Me 2,40862,23031,Sanaa Lathan,139,English,USA,90000000,2016,11000,6.9,15000
Color,Phillip Noyce,64,116,176,84,Michael Byrne,192,61355436,Action|Adventure|Romance|Sci-Fi|Thriller,Alun Armstrong,The Saint,52136,475,Velibor Topic,184,English,USA,68000000,1997,117,6.2,0
Color,Tony Scott,142,114,12000,307,Stephen Dillane,11000,26871,Action|Crime|Thriller,Brad Pitt,Spy Game,121259,12499,Catherine McCormack,361,English,Germany,92000000,2001,577,7,0
Color,Brian De Palma,181,114,0,281,Connie Nielsen,3000,60874615,Adventure|Sci-Fi|Thriller,Don Cheadle,Mission to Mars,60467,4902,Kim Delaney,949,English,USA,90000000,2000,933,5.6,0
Color,Carlos Saldanha,240,96,107,350,Wanda Sykes,11000,143618384,Adventure|Animation|Comedy|Family|Musical,Anne Hathaway,Rio,165333,12071,Will.i.am,186,English,USA,90000000,2011,560,7,19000
Color,Chris Columbus,93,132,0,957,Oliver Platt,49000,58220776,Comedy|Drama|Sci-Fi,Robin Williams,Bicentennial Man,87785,55254,John Michael Higgins,362,English,USA,100000000,1999,1000,6.8,0
Color,Mick Jackson,84,104,81,612,Anne Heche,3000,47474112,Action|Drama|Sci-Fi|Thriller,Don Cheadle,Volcano,58227,5062,Gaby Hoffmann,181,English,USA,90000000,1997,643,5.4,2000
Color,Alan J. Pakula,66,111,79,2000,Brad Pitt,11000,42877165,Action|Crime|Drama|Thriller,Harrison Ford,The Devil's Own,45602,26088,Natascha McElhone,114,English,USA,86000000,1997,11000,6.1,979
Color,Kathryn Bigelow,136,138,0,123,Christian Camargo,14000,35168677,Drama|History|Thriller|War,Liam Neeson,K-19: The Widowmaker,49311,15149,Lex Shrapnel,278,English,UK,100000000,2002,602,6.7,0
Color,Josh Trank,369,100,128,78,Reg E. Cathey,596,56114221,Action|Adventure|Sci-Fi,Tim Blake Nelson,Fantastic Four,110486,1261,Tim Heidecker,695,English,USA,120000000,2015,360,4.3,41000
Color,John Milius,166,129,468,183,Mako,919,37567440,Adventure|Fantasy,William Smith,Conan the Barbarian,113065,2024,Sandahl Bergman,337,English,USA,20000000,1982,691,6.9,0
Color,Ron Howard,201,144,2000,537,Bruce McGill,680,61644321,Biography|Drama|Sport,Paddy Considine,Cinderella Man,148238,2523,Rosemarie DeWitt,529,English,USA,88000000,2005,655,8,0
Color,Andrey Konchalovskiy,47,110,96,554,Nathan Lane,887,190562,Action|Family|Fantasy|Musical,Shirley Henderson,The Nutcracker in 3D,2508,2728,Richard E. Grant,24,English,UK,90000000,2010,886,4.4,788
 Black and White,Gary Ross,175,140,378,599,Michael Angarano,12000,120147445,Drama|History|Sport,Jeff Bridges,Seabiscuit,57661,13808,Michael O'Neill,455,English,USA,87000000,2003,947,7.3,0
Color,Jan de Bont,114,113,101,848,Alan Ruck,22000,241688385,Action|Adventure|Drama|Thriller,Philip Seymour Hoffman,Twister,144053,26239,Jami Gertz,395,English,USA,92000000,1996,946,6.3,0
Color,Rob Cohen,187,106,357,4000,Vin Diesel,23000,144512310,Action|Crime|Thriller,Paul Walker,The Fast and the Furious,272223,45327,Jordana Brewster,988,English,USA,38000000,2001,14000,6.7,14000
Color,Robert Zemeckis,221,143,0,272,Paul Sanchez,15000,233630478,Adventure|Drama|Romance,Tom Hanks,Cast Away,394317,15838,Nick Searcy,1051,English,USA,90000000,2000,410,7.7,23000
Color,George Miller,206,108,750,971,Hugh Jackman,49000,197992827,Animation|Comedy|Family|Music|Romance,Robin Williams,Happy Feet,132501,70996,Elizabeth Daily,548,English,USA,100000000,2006,20000,6.5,0
Color,Paul Greengrass,239,108,521,129,Joan Allen,13000,176049130,Action|Mystery|Thriller,Matt Damon,The Bourne Supremacy,348232,14161,Oksana Akinshina,806,English,USA,75000000,2004,805,7.8,0
Color,Wolfgang Petersen,142,124,249,936,Gary Oldman,11000,172620724,Action|Adventure|Drama|Thriller,Harrison Ford,Air Force One,146134,23603,Dean Stockwell,393,English,USA,85000000,1997,10000,6.4,0
